x-axis,1,2
second,Volt,Volt
-530.000E-03,+1.983428E+00,+1.968192E+00
-527.500E-03,+1.966925E+00,+1.968192E+00
-525.000E-03,+1.980694E+00,+1.968946E+00
-522.500E-03,+1.968955E+00,+1.969449E+00
-520.000E-03,+1.950965E+00,+1.968544E+00
-517.500E-03,+1.981237E+00,+1.969449E+00
-515.000E-03,+1.966885E+00,+1.969449E+00
-512.500E-03,+1.995669E+00,+1.969449E+00
-510.000E-03,+1.976594E+00,+1.969449E+00
-507.500E-03,+1.966121E+00,+1.969449E+00
-505.000E-03,+1.963026E+00,+1.969449E+00
-502.500E-03,+1.963991E+00,+1.969449E+00
-500.000E-03,+1.984614E+00,+1.969449E+00
-497.500E-03,+1.978584E+00,+1.969449E+00
-495.000E-03,+1.984976E+00,+1.969449E+00
-492.500E-03,+1.979528E+00,+1.969449E+00
-490.000E-03,+1.976151E+00,+1.969449E+00
-487.500E-03,+1.966021E+00,+1.969449E+00
-485.000E-03,+1.966543E+00,+1.969449E+00
-482.500E-03,+1.978222E+00,+1.969449E+00
-480.000E-03,+1.985177E+00,+1.969449E+00
-477.500E-03,+1.991267E+00,+1.969449E+00
-475.000E-03,+1.981096E+00,+1.969449E+00
-472.500E-03,+1.966664E+00,+1.969449E+00
-470.000E-03,+1.956473E+00,+1.969449E+00
-467.500E-03,+1.973357E+00,+1.969449E+00
-465.000E-03,+1.976815E+00,+1.969449E+00
-462.500E-03,+1.983910E+00,+1.969449E+00
-460.000E-03,+1.989337E+00,+1.969449E+00
-457.500E-03,+1.974785E+00,+1.969449E+00
-455.000E-03,+1.955548E+00,+1.970554E+00
-452.500E-03,+1.982664E+00,+1.969449E+00
-450.000E-03,+1.973357E+00,+1.969449E+00
-447.500E-03,+1.970262E+00,+1.970253E+00
-445.000E-03,+1.973780E+00,+1.969449E+00
-442.500E-03,+1.982523E+00,+1.970303E+00
-440.000E-03,+1.970724E+00,+1.970504E+00
-437.500E-03,+1.968031E+00,+1.969449E+00
-435.000E-03,+1.962945E+00,+1.970504E+00
-432.500E-03,+1.966121E+00,+1.969851E+00
-430.000E-03,+1.988031E+00,+1.970705E+00
-427.500E-03,+1.972754E+00,+1.970253E+00
-425.000E-03,+1.971749E+00,+1.970705E+00
-422.500E-03,+1.974423E+00,+1.969449E+00
-420.000E-03,+1.969197E+00,+1.970705E+00
-417.500E-03,+1.947569E+00,+1.969801E+00
-415.000E-03,+1.984775E+00,+1.969449E+00
-412.500E-03,+1.989036E+00,+1.970705E+00
-410.000E-03,+1.985981E+00,+1.969750E+00
-407.500E-03,+1.986001E+00,+1.970705E+00
-405.000E-03,+1.971347E+00,+1.970705E+00
-402.500E-03,+1.964734E+00,+1.970705E+00
-400.000E-03,+1.964212E+00,+1.970705E+00
-397.500E-03,+1.978202E+00,+1.970705E+00
-395.000E-03,+1.981639E+00,+1.970705E+00
-392.500E-03,+1.980996E+00,+1.970705E+00
-390.000E-03,+1.963066E+00,+1.970705E+00
-387.500E-03,+1.979589E+00,+1.970705E+00
-385.000E-03,+1.972795E+00,+1.970705E+00
-382.500E-03,+1.987066E+00,+1.970705E+00
-380.000E-03,+1.992151E+00,+1.970705E+00
-377.500E-03,+1.980674E+00,+1.970705E+00
-375.000E-03,+1.985116E+00,+1.970705E+00
-372.500E-03,+1.977378E+00,+1.970705E+00
-370.000E-03,+1.968996E+00,+1.970705E+00
-367.500E-03,+1.974141E+00,+1.970705E+00
-365.000E-03,+1.986805E+00,+1.971961E+00
-362.500E-03,+1.979287E+00,+1.970956E+00
-360.000E-03,+1.993076E+00,+1.971961E+00
-357.500E-03,+1.976775E+00,+1.971961E+00
-355.000E-03,+1.975006E+00,+1.971961E+00
-352.500E-03,+1.963609E+00,+1.971961E+00
-350.000E-03,+1.978785E+00,+1.971961E+00
-347.500E-03,+1.988051E+00,+1.971961E+00
-345.000E-03,+1.982362E+00,+1.971961E+00
-342.500E-03,+1.976232E+00,+1.971961E+00
-340.000E-03,+1.964594E+00,+1.972263E+00
-337.500E-03,+1.966121E+00,+1.971961E+00
-335.000E-03,+1.968011E+00,+1.971961E+00
-332.500E-03,+1.969780E+00,+1.971961E+00
-330.000E-03,+1.977438E+00,+1.971961E+00
-327.500E-03,+1.976654E+00,+1.971961E+00
-325.000E-03,+1.971448E+00,+1.971961E+00
-322.500E-03,+1.963327E+00,+1.971961E+00
-320.000E-03,+1.940393E+00,+1.971961E+00
-317.500E-03,+1.972815E+00,+1.971961E+00
-315.000E-03,+1.978322E+00,+1.971961E+00
-312.500E-03,+1.971046E+00,+1.971961E+00
-310.000E-03,+1.972594E+00,+1.971961E+00
-307.500E-03,+1.957659E+00,+1.971961E+00
-305.000E-03,+1.971287E+00,+1.971308E+00
-302.500E-03,+1.962121E+00,+1.971961E+00
-300.000E-03,+1.971749E+00,+1.971961E+00
-297.500E-03,+1.981981E+00,+1.971961E+00
-295.000E-03,+1.984533E+00,+1.971961E+00
-292.500E-03,+1.975508E+00,+1.971961E+00
-290.000E-03,+1.966101E+00,+1.971961E+00
-287.500E-03,+1.953458E+00,+1.971961E+00
-285.000E-03,+1.948172E+00,+1.971961E+00
-282.500E-03,+1.974041E+00,+1.971961E+00
-280.000E-03,+1.970423E+00,+1.971961E+00
-277.500E-03,+1.980312E+00,+1.971961E+00
-275.000E-03,+1.966222E+00,+1.971961E+00
-272.500E-03,+1.951548E+00,+1.971961E+00
-270.000E-03,+1.963850E+00,+1.971961E+00
-267.500E-03,+1.956694E+00,+1.971961E+00
-265.000E-03,+1.963508E+00,+1.971961E+00
-262.500E-03,+1.981197E+00,+1.971961E+00
-260.000E-03,+1.979548E+00,+1.971961E+00
-257.500E-03,+1.959307E+00,+1.971961E+00
-255.000E-03,+1.966061E+00,+1.971961E+00
-252.500E-03,+1.959810E+00,+1.971961E+00
-250.000E-03,+1.963508E+00,+1.971961E+00
-247.500E-03,+1.974724E+00,+1.971961E+00
-245.000E-03,+1.973860E+00,+1.971961E+00
-242.500E-03,+1.981478E+00,+1.971961E+00
-240.000E-03,+1.961357E+00,+1.971961E+00
-237.500E-03,+1.954061E+00,+1.971961E+00
-235.000E-03,+1.954684E+00,+1.971961E+00
-232.500E-03,+1.975528E+00,+1.971961E+00
-230.000E-03,+1.978845E+00,+1.971961E+00
-227.500E-03,+1.976272E+00,+1.971961E+00
-225.000E-03,+1.968433E+00,+1.971961E+00
-222.500E-03,+1.968453E+00,+1.971961E+00
-220.000E-03,+1.965478E+00,+1.970806E+00
-217.500E-03,+1.967146E+00,+1.971961E+00
-215.000E-03,+1.970081E+00,+1.971961E+00
-212.500E-03,+1.978684E+00,+1.971961E+00
-210.000E-03,+1.979850E+00,+1.971961E+00
-207.500E-03,+1.971709E+00,+1.971961E+00
-205.000E-03,+1.959870E+00,+1.971961E+00
-202.500E-03,+1.970342E+00,+1.971961E+00
-200.000E-03,+1.970744E+00,+1.971961E+00
-197.500E-03,+1.974383E+00,+1.971961E+00
-195.000E-03,+1.973659E+00,+1.971961E+00
-192.500E-03,+1.972393E+00,+1.971961E+00
-190.000E-03,+1.953197E+00,+1.971961E+00
-187.500E-03,+1.959488E+00,+1.971961E+00
-185.000E-03,+1.951790E+00,+1.971961E+00
-182.500E-03,+1.974764E+00,+1.971961E+00
-180.000E-03,+1.966121E+00,+1.971961E+00
-177.500E-03,+1.991086E+00,+1.971961E+00
-175.000E-03,+1.978282E+00,+1.971961E+00
-172.500E-03,+1.958905E+00,+1.971961E+00
-170.000E-03,+1.964212E+00,+1.971961E+00
-167.500E-03,+1.965458E+00,+1.971961E+00
-165.000E-03,+1.974322E+00,+1.971961E+00
-162.500E-03,+1.977478E+00,+1.971961E+00
-160.000E-03,+1.973277E+00,+1.971961E+00
-157.500E-03,+1.970081E+00,+1.971961E+00
-155.000E-03,+1.970362E+00,+1.971961E+00
-152.500E-03,+1.965076E+00,+1.971961E+00
-150.000E-03,+1.969538E+00,+1.971961E+00
-147.500E-03,+1.984835E+00,+1.971961E+00
-145.000E-03,+1.986021E+00,+1.972313E+00
-142.500E-03,+1.979689E+00,+1.971961E+00
-140.000E-03,+1.955950E+00,+1.971961E+00
-137.500E-03,+1.967126E+00,+1.971961E+00
-135.000E-03,+1.970664E+00,+1.971961E+00
-132.500E-03,+1.979026E+00,+1.971961E+00
-130.000E-03,+1.987166E+00,+1.971961E+00
-127.500E-03,+1.985378E+00,+1.971961E+00
-125.000E-03,+1.981599E+00,+1.971961E+00
-122.500E-03,+1.973900E+00,+1.971961E+00
-120.000E-03,+1.965478E+00,+1.971961E+00
-117.500E-03,+1.969378E+00,+1.971961E+00
-115.000E-03,+1.980634E+00,+1.971961E+00
-112.500E-03,+1.982805E+00,+1.971961E+00
-110.000E-03,+1.977197E+00,+1.971961E+00
-107.500E-03,+1.971367E+00,+1.971961E+00
-105.000E-03,+1.963307E+00,+1.971961E+00
-102.500E-03,+1.978945E+00,+1.971961E+00
-100.000E-03,+1.973558E+00,+1.971961E+00
-97.500E-03,+1.980835E+00,+1.973218E+00
-95.000E-03,+1.979971E+00,+1.971961E+00
-92.500E-03,+1.969156E+00,+1.973117E+00
-90.000E-03,+1.983830E+00,+1.973218E+00
-87.500E-03,+1.972453E+00,+1.972464E+00
-85.000E-03,+1.966342E+00,+1.972514E+00
-82.500E-03,+1.973378E+00,+1.973218E+00
-80.000E-03,+1.977739E+00,+1.972112E+00
-77.500E-03,+1.988151E+00,+1.973218E+00
-75.000E-03,+1.977076E+00,+1.973218E+00
-72.500E-03,+1.969860E+00,+1.973218E+00
-70.000E-03,+1.970262E+00,+1.973218E+00
-67.500E-03,+1.975548E+00,+1.973218E+00
-65.000E-03,+1.981136E+00,+1.973218E+00
-62.500E-03,+1.990141E+00,+1.973218E+00
-60.000E-03,+1.979006E+00,+1.973218E+00
-57.500E-03,+1.972553E+00,+1.973218E+00
-55.000E-03,+1.964111E+00,+1.973218E+00
-52.500E-03,+1.967830E+00,+1.974022E+00
-50.000E-03,+1.965016E+00,+1.973469E+00
-47.500E-03,+1.977860E+00,+1.973218E+00
-45.000E-03,+1.994342E+00,+1.973218E+00
-42.500E-03,+1.980634E+00,+1.973218E+00
-40.000E-03,+1.966383E+00,+1.973921E+00
-37.500E-03,+1.982202E+00,+1.973218E+00
-35.000E-03,+1.977297E+00,+1.973218E+00
-32.500E-03,+1.977056E+00,+1.974373E+00
-30.000E-03,+2.011609E+00,+1.973318E+00
-27.500E-03,+1.989317E+00,+1.974172E+00
-25.000E-03,+1.979991E+00,+1.974474E+00
-22.500E-03,+1.988594E+00,+1.974474E+00
-20.000E-03,+2.020915E+00,+1.974474E+00
-17.500E-03,+2.063890E+00,+1.974625E+00
-15.000E-03,+2.045357E+00,+1.974474E+00
-12.500E-03,+1.952453E+00,+1.974474E+00
-10.000E-03,+2.081940E+00,+1.975278E+00
-7.500E-03,+1.983830E+00,+1.975730E+00
-5.000E-03,+1.838161E+00,+1.975328E+00
-2.500E-03,+2.032654E+00,+1.974675E+00
-0.0E+00,+2.209739E+00,+1.975730E+00
+2.500E-03,+2.327568E+00,+1.978042E+00
+5.000E-03,+1.890061E+00,+1.978243E+00
+7.500E-03,+2.155689E+00,+1.978243E+00
+10.000E-03,+2.090182E+00,+1.979499E+00
+12.500E-03,+1.895770E+00,+1.979499E+00
+15.000E-03,+1.980795E+00,+1.978243E+00
+17.500E-03,+2.117116E+00,+1.979499E+00
+20.000E-03,+2.393056E+00,+1.980755E+00
+22.500E-03,+1.657156E+00,+1.980052E+00
+25.000E-03,+2.420493E+00,+1.981258E+00
+27.500E-03,+2.269579E+00,+1.983268E+00
+30.000E-03,+1.890945E+00,+1.983268E+00
+32.500E-03,+1.832875E+00,+1.983268E+00
+35.000E-03,+2.520775E+00,+1.984524E+00
+37.500E-03,+2.331347E+00,+1.987037E+00
+40.000E-03,+1.907488E+00,+1.988293E+00
+42.500E-03,+2.233498E+00,+1.988645E+00
+45.000E-03,+2.192332E+00,+1.990806E+00
+47.500E-03,+1.746302E+00,+1.989549E+00
+50.000E-03,+1.348332E+00,+1.987288E+00
+52.500E-03,+1.196513E+00,+1.980755E+00
+55.000E-03,+1.954443E+00,+1.979499E+00
+57.500E-03,+1.834282E+00,+1.979499E+00
+60.000E-03,+1.587890E+00,+1.978042E+00
+62.500E-03,+1.618785E+00,+1.975730E+00
+65.000E-03,+1.784292E+00,+1.974474E+00
+67.500E-03,+2.030664E+00,+1.974474E+00
+70.000E-03,+1.707890E+00,+1.974474E+00
+72.500E-03,+2.048192E+00,+1.973218E+00
+75.000E-03,+1.924212E+00,+1.974223E+00
+77.500E-03,+2.068533E+00,+1.974474E+00
+80.000E-03,+2.052875E+00,+1.974474E+00
+82.500E-03,+1.883126E+00,+1.974474E+00
+85.000E-03,+2.043810E+00,+1.974474E+00
+87.500E-03,+2.047327E+00,+1.975730E+00
+90.000E-03,+2.047367E+00,+1.974775E+00
+92.500E-03,+1.976734E+00,+1.975730E+00
+95.000E-03,+2.076011E+00,+1.975730E+00
+97.500E-03,+2.074001E+00,+1.976986E+00
+100.000E-03,+1.957378E+00,+1.976484E+00
+102.500E-03,+2.170342E+00,+1.976986E+00
+105.000E-03,+2.076634E+00,+1.978243E+00
+107.500E-03,+1.902081E+00,+1.978243E+00
+110.000E-03,+1.829378E+00,+1.976986E+00
+112.500E-03,+1.948935E+00,+1.976986E+00
+115.000E-03,+1.831810E+00,+1.976182E+00
+117.500E-03,+2.008754E+00,+1.976986E+00
+120.000E-03,+2.098543E+00,+1.976986E+00
+122.500E-03,+1.762021E+00,+1.976986E+00
+125.000E-03,+1.918785E+00,+1.975730E+00
+127.500E-03,+2.265900E+00,+1.976785E+00
+130.000E-03,+1.862101E+00,+1.976986E+00
+132.500E-03,+2.059006E+00,+1.976986E+00
+135.000E-03,+1.870483E+00,+1.976986E+00
+137.500E-03,+1.953458E+00,+1.976986E+00
+140.000E-03,+2.062563E+00,+1.978192E+00
+142.500E-03,+1.984754E+00,+1.976986E+00
+145.000E-03,+1.780614E+00,+1.977891E+00
+147.500E-03,+2.044513E+00,+1.976986E+00
+150.000E-03,+1.908533E+00,+1.976986E+00
+152.500E-03,+1.937056E+00,+1.976986E+00
+155.000E-03,+1.944071E+00,+1.975831E+00
+157.500E-03,+2.046302E+00,+1.976886E+00
+160.000E-03,+2.072553E+00,+1.976986E+00
+162.500E-03,+2.004212E+00,+1.976986E+00
+165.000E-03,+2.088051E+00,+1.977539E+00
+167.500E-03,+1.984513E+00,+1.978243E+00
+170.000E-03,+1.966403E+00,+1.979348E+00
+172.500E-03,+2.069719E+00,+1.978243E+00
+175.000E-03,+1.983910E+00,+1.978243E+00
+177.500E-03,+1.918423E+00,+1.978243E+00
+180.000E-03,+1.938965E+00,+1.978243E+00
+182.500E-03,+1.926362E+00,+1.976986E+00
+185.000E-03,+1.958764E+00,+1.976986E+00
+187.500E-03,+1.979086E+00,+1.978243E+00
+190.000E-03,+1.980875E+00,+1.977187E+00
+192.500E-03,+1.920373E+00,+1.976986E+00
+195.000E-03,+1.966383E+00,+1.976986E+00
+197.500E-03,+2.195408E+00,+1.976986E+00
+200.000E-03,+2.460694E+00,+1.980755E+00
+202.500E-03,+2.198041E+00,+1.982012E+00
+205.000E-03,+1.848955E+00,+1.983268E+00
+207.500E-03,+1.929820E+00,+1.982012E+00
+210.000E-03,+1.712413E+00,+1.980755E+00
+212.500E-03,+1.809438E+00,+1.980253E+00
+215.000E-03,+1.963086E+00,+1.979499E+00
+217.500E-03,+2.225538E+00,+1.980755E+00
+220.000E-03,+2.214805E+00,+1.982012E+00
+222.500E-03,+2.107890E+00,+1.982966E+00
+225.000E-03,+1.754061E+00,+1.982012E+00
+227.500E-03,+1.855629E+00,+1.980755E+00
+230.000E-03,+2.028875E+00,+1.980755E+00
+232.500E-03,+1.918021E+00,+1.980755E+00
+235.000E-03,+1.922182E+00,+1.980755E+00
+237.500E-03,+1.900292E+00,+1.979750E+00
+240.000E-03,+1.972071E+00,+1.979499E+00
+242.500E-03,+1.993579E+00,+1.979499E+00
+245.000E-03,+1.966986E+00,+1.980755E+00
+247.500E-03,+1.896011E+00,+1.979499E+00
+250.000E-03,+1.925317E+00,+1.979499E+00
+252.500E-03,+2.075247E+00,+1.979499E+00
+255.000E-03,+2.039569E+00,+1.979499E+00
+257.500E-03,+2.013900E+00,+1.980755E+00
+260.000E-03,+2.022061E+00,+1.980755E+00
+262.500E-03,+1.974362E+00,+1.980755E+00
+265.000E-03,+1.989599E+00,+1.979549E+00
+267.500E-03,+1.968634E+00,+1.979650E+00
+270.000E-03,+1.994905E+00,+1.980755E+00
+272.500E-03,+2.030423E+00,+1.980755E+00
+275.000E-03,+1.974262E+00,+1.980755E+00
+277.500E-03,+2.047890E+00,+1.980755E+00
+280.000E-03,+1.985217E+00,+1.982012E+00
+282.500E-03,+2.028553E+00,+1.982012E+00
+285.000E-03,+2.138383E+00,+1.982012E+00
+287.500E-03,+2.039790E+00,+1.982765E+00
+290.000E-03,+1.913518E+00,+1.982012E+00
+292.500E-03,+2.055287E+00,+1.982363E+00
+295.000E-03,+2.068996E+00,+1.983268E+00
+297.500E-03,+1.880493E+00,+1.983268E+00
+300.000E-03,+1.945016E+00,+1.982012E+00
+302.500E-03,+2.046403E+00,+1.983268E+00
+305.000E-03,+2.274443E+00,+1.983871E+00
+307.500E-03,+1.982342E+00,+1.984524E+00
+310.000E-03,+1.912614E+00,+1.984524E+00
+312.500E-03,+1.985116E+00,+1.983268E+00
+315.000E-03,+1.874483E+00,+1.983268E+00
+317.500E-03,+2.008131E+00,+1.984122E+00
+320.000E-03,+1.959287E+00,+1.984524E+00
+322.500E-03,+2.010001E+00,+1.984524E+00
+325.000E-03,+1.987729E+00,+1.983519E+00
+327.500E-03,+1.960212E+00,+1.983268E+00
+330.000E-03,+1.974724E+00,+1.983268E+00
+332.500E-03,+1.975930E+00,+1.983268E+00
+335.000E-03,+1.937016E+00,+1.983268E+00
+337.500E-03,+1.984212E+00,+1.982012E+00
+340.000E-03,+2.052051E+00,+1.983268E+00
+342.500E-03,+1.984734E+00,+1.983268E+00
+345.000E-03,+1.947528E+00,+1.983268E+00
+347.500E-03,+1.954463E+00,+1.983268E+00
+350.000E-03,+2.023709E+00,+1.983268E+00
+352.500E-03,+2.044292E+00,+1.983971E+00
+355.000E-03,+1.929096E+00,+1.983268E+00
+357.500E-03,+1.880875E+00,+1.984373E+00
+360.000E-03,+1.953579E+00,+1.983268E+00
+362.500E-03,+1.977277E+00,+1.983268E+00
+365.000E-03,+2.047307E+00,+1.983268E+00
+367.500E-03,+2.030141E+00,+1.983268E+00
+370.000E-03,+1.987669E+00,+1.984122E+00
+372.500E-03,+1.993016E+00,+1.983268E+00
+375.000E-03,+1.957478E+00,+1.983268E+00
+377.500E-03,+1.928493E+00,+1.983268E+00
+380.000E-03,+1.989136E+00,+1.983268E+00
+382.500E-03,+1.989036E+00,+1.983268E+00
+385.000E-03,+1.992855E+00,+1.983268E+00
+387.500E-03,+1.996875E+00,+1.984524E+00
+390.000E-03,+2.031267E+00,+1.983318E+00
+392.500E-03,+2.018684E+00,+1.984524E+00
+395.000E-03,+1.977136E+00,+1.984524E+00
+397.500E-03,+1.951508E+00,+1.983971E+00
+400.000E-03,+1.991950E+00,+1.983268E+00
+402.500E-03,+1.976031E+00,+1.983268E+00
+405.000E-03,+1.967146E+00,+1.983268E+00
+407.500E-03,+1.953880E+00,+1.984424E+00
+410.000E-03,+1.996373E+00,+1.984223E+00
+412.500E-03,+1.952051E+00,+1.983770E+00
+415.000E-03,+1.946965E+00,+1.983268E+00
+417.500E-03,+1.915770E+00,+1.983268E+00
+420.000E-03,+2.023086E+00,+1.983268E+00
+422.500E-03,+2.125478E+00,+1.983268E+00
+425.000E-03,+1.914262E+00,+1.983519E+00
+427.500E-03,+1.956312E+00,+1.983268E+00
+430.000E-03,+2.001498E+00,+1.983871E+00
+432.500E-03,+1.989398E+00,+1.983268E+00
+435.000E-03,+1.895830E+00,+1.984323E+00
+437.500E-03,+1.986121E+00,+1.983268E+00
+440.000E-03,+2.051749E+00,+1.983268E+00
+442.500E-03,+1.977518E+00,+1.983268E+00
+445.000E-03,+2.002704E+00,+1.983921E+00
+447.500E-03,+2.034403E+00,+1.984524E+00
+450.000E-03,+1.830141E+00,+1.984273E+00
+452.500E-03,+1.972634E+00,+1.984524E+00
+455.000E-03,+2.060111E+00,+1.984524E+00
+457.500E-03,+2.037156E+00,+1.984524E+00
+460.000E-03,+1.786443E+00,+1.983268E+00
+462.500E-03,+1.925920E+00,+1.982765E+00
+465.000E-03,+2.008594E+00,+1.982313E+00
+467.500E-03,+1.951910E+00,+1.983167E+00
+470.000E-03,+2.174965E+00,+1.984424E+00
+472.500E-03,+2.132533E+00,+1.984524E+00
+475.000E-03,+1.891448E+00,+1.985027E+00
+477.500E-03,+1.805639E+00,+1.983971E+00
+480.000E-03,+1.911187E+00,+1.983268E+00
+482.500E-03,+1.925679E+00,+1.983117E+00
+485.000E-03,+1.954805E+00,+1.982062E+00
+487.500E-03,+1.950443E+00,+1.982012E+00
+490.000E-03,+2.018342E+00,+1.982012E+00
+492.500E-03,+1.984574E+00,+1.983268E+00
+495.000E-03,+1.935046E+00,+1.982866E+00
+497.500E-03,+1.926664E+00,+1.982012E+00
+500.000E-03,+1.946423E+00,+1.982012E+00
+502.500E-03,+1.974704E+00,+1.982012E+00
+505.000E-03,+2.025538E+00,+1.982012E+00
+507.500E-03,+2.019669E+00,+1.982012E+00
+510.000E-03,+2.005538E+00,+1.983268E+00
+512.500E-03,+1.897579E+00,+1.982012E+00
+515.000E-03,+1.981920E+00,+1.982012E+00
+517.500E-03,+2.016131E+00,+1.982012E+00
+520.000E-03,+1.998101E+00,+1.982916E+00
+522.500E-03,+1.970182E+00,+1.982012E+00
+525.000E-03,+2.020493E+00,+1.982012E+00
+527.500E-03,+2.050443E+00,+1.982313E+00
+530.000E-03,+1.914905E+00,+1.983268E+00
+532.500E-03,+1.841398E+00,+1.983268E+00
+535.000E-03,+1.952875E+00,+1.982012E+00
+537.500E-03,+1.958684E+00,+1.982012E+00
+540.000E-03,+1.991508E+00,+1.981308E+00
+542.500E-03,+1.975126E+00,+1.982012E+00
+545.000E-03,+1.947448E+00,+1.980906E+00
+547.500E-03,+1.983709E+00,+1.980755E+00
+550.000E-03,+2.080192E+00,+1.981760E+00
+552.500E-03,+2.070182E+00,+1.982012E+00
+555.000E-03,+1.846664E+00,+1.982012E+00
+557.500E-03,+1.950141E+00,+1.982012E+00
+560.000E-03,+1.966805E+00,+1.981811E+00
+562.500E-03,+2.007227E+00,+1.982012E+00
+565.000E-03,+1.916775E+00,+1.982012E+00
+567.500E-03,+1.946041E+00,+1.980755E+00
+570.000E-03,+1.993378E+00,+1.980755E+00
+572.500E-03,+1.970081E+00,+1.980755E+00
+575.000E-03,+1.995367E+00,+1.980755E+00
+577.500E-03,+1.977599E+00,+1.980755E+00
+580.000E-03,+1.932754E+00,+1.980755E+00
+582.500E-03,+1.945498E+00,+1.980755E+00
+585.000E-03,+2.059890E+00,+1.980755E+00
+587.500E-03,+2.071850E+00,+1.982012E+00
+590.000E-03,+1.990905E+00,+1.982012E+00
+592.500E-03,+1.943589E+00,+1.982012E+00
+595.000E-03,+1.935166E+00,+1.980755E+00
+597.500E-03,+1.929237E+00,+1.980755E+00
+600.000E-03,+1.958182E+00,+1.980755E+00
+602.500E-03,+1.952312E+00,+1.980755E+00
+605.000E-03,+2.002222E+00,+1.980755E+00
+607.500E-03,+2.062503E+00,+1.980755E+00
+610.000E-03,+2.058443E+00,+1.980806E+00
+612.500E-03,+1.849237E+00,+1.982012E+00
+615.000E-03,+1.927850E+00,+1.980755E+00
+617.500E-03,+1.929579E+00,+1.980755E+00
+620.000E-03,+2.003568E+00,+1.980353E+00
+622.500E-03,+1.976513E+00,+1.980755E+00
+625.000E-03,+2.020292E+00,+1.980755E+00
+627.500E-03,+1.936151E+00,+1.980755E+00
+630.000E-03,+1.941759E+00,+1.980755E+00
+632.500E-03,+1.929558E+00,+1.980755E+00
+635.000E-03,+1.959247E+00,+1.979499E+00
+637.500E-03,+2.000091E+00,+1.979750E+00
+640.000E-03,+1.965920E+00,+1.979549E+00
+642.500E-03,+1.977076E+00,+1.980605E+00
+645.000E-03,+1.967991E+00,+1.980404E+00
+647.500E-03,+1.971166E+00,+1.980052E+00
+650.000E-03,+1.963207E+00,+1.979499E+00
+652.500E-03,+1.969056E+00,+1.979499E+00
+655.000E-03,+1.957317E+00,+1.979499E+00
+657.500E-03,+1.978302E+00,+1.979499E+00
+660.000E-03,+1.997739E+00,+1.979499E+00
+662.500E-03,+1.978785E+00,+1.979499E+00
+665.000E-03,+1.963770E+00,+1.979499E+00
+667.500E-03,+1.990383E+00,+1.979851E+00
+670.000E-03,+1.968212E+00,+1.979499E+00
+672.500E-03,+1.970644E+00,+1.979499E+00
+675.000E-03,+1.994463E+00,+1.979499E+00
+677.500E-03,+1.973217E+00,+1.979499E+00
+680.000E-03,+1.934322E+00,+1.980152E+00
+682.500E-03,+1.951810E+00,+1.979499E+00
+685.000E-03,+1.966523E+00,+1.979499E+00
+687.500E-03,+2.037880E+00,+1.979499E+00
+690.000E-03,+2.066483E+00,+1.980554E+00
+692.500E-03,+2.064332E+00,+1.980755E+00
+695.000E-03,+1.869780E+00,+1.980755E+00
+697.500E-03,+1.940694E+00,+1.979499E+00
+700.000E-03,+1.924413E+00,+1.979499E+00
+702.500E-03,+1.946684E+00,+1.979499E+00
+705.000E-03,+1.975810E+00,+1.979499E+00
+707.500E-03,+1.961719E+00,+1.979499E+00
+710.000E-03,+1.975770E+00,+1.979499E+00
+712.500E-03,+1.975770E+00,+1.979499E+00
+715.000E-03,+2.000754E+00,+1.980454E+00
+717.500E-03,+1.974423E+00,+1.979499E+00
+720.000E-03,+1.934483E+00,+1.979499E+00
+722.500E-03,+1.963267E+00,+1.979499E+00
+725.000E-03,+1.965518E+00,+1.979499E+00
+727.500E-03,+1.947126E+00,+1.979499E+00
+730.000E-03,+1.972172E+00,+1.979499E+00
+732.500E-03,+1.969056E+00,+1.978393E+00
+735.000E-03,+1.979890E+00,+1.979499E+00
+737.500E-03,+1.975468E+00,+1.979499E+00
+740.000E-03,+1.972734E+00,+1.979499E+00
+742.500E-03,+1.983327E+00,+1.979499E+00
+745.000E-03,+1.963850E+00,+1.979499E+00
+747.500E-03,+1.948935E+00,+1.979499E+00
+750.000E-03,+1.950945E+00,+1.979499E+00
+752.500E-03,+1.923609E+00,+1.979499E+00
+755.000E-03,+2.001599E+00,+1.979097E+00
+757.500E-03,+2.061197E+00,+1.978896E+00
+760.000E-03,+2.041538E+00,+1.979499E+00
+762.500E-03,+1.936574E+00,+1.979499E+00
+765.000E-03,+1.946322E+00,+1.979499E+00
+767.500E-03,+1.970644E+00,+1.978393E+00
+770.000E-03,+1.967468E+00,+1.979499E+00
+772.500E-03,+1.997277E+00,+1.979499E+00
+775.000E-03,+1.971448E+00,+1.979499E+00
+777.500E-03,+1.966362E+00,+1.979499E+00
+780.000E-03,+1.964976E+00,+1.978343E+00
+782.500E-03,+1.918342E+00,+1.979499E+00
+785.000E-03,+1.965679E+00,+1.978544E+00
+787.500E-03,+1.970342E+00,+1.978243E+00
+790.000E-03,+2.003971E+00,+1.979499E+00
+792.500E-03,+2.009558E+00,+1.979499E+00
+795.000E-03,+1.968151E+00,+1.979499E+00
+797.500E-03,+1.927991E+00,+1.979449E+00
+800.000E-03,+1.944413E+00,+1.979499E+00
+802.500E-03,+1.975408E+00,+1.978243E+00
+805.000E-03,+2.000413E+00,+1.978846E+00
+807.500E-03,+1.964553E+00,+1.978645E+00
+810.000E-03,+1.961096E+00,+1.978243E+00
+812.500E-03,+1.961498E+00,+1.978243E+00
+815.000E-03,+1.974362E+00,+1.978243E+00
+817.500E-03,+1.969759E+00,+1.978243E+00
+820.000E-03,+1.982423E+00,+1.978243E+00
+822.500E-03,+1.979830E+00,+1.978243E+00
+825.000E-03,+1.984413E+00,+1.978243E+00
+827.500E-03,+1.998503E+00,+1.978243E+00
+830.000E-03,+1.968614E+00,+1.978393E+00
+832.500E-03,+2.018805E+00,+1.978243E+00
+835.000E-03,+1.883368E+00,+1.978243E+00
+837.500E-03,+1.948232E+00,+1.978243E+00
+840.000E-03,+1.974202E+00,+1.978243E+00
+842.500E-03,+1.957599E+00,+1.978243E+00
+845.000E-03,+1.946383E+00,+1.978243E+00
+847.500E-03,+1.999669E+00,+1.978243E+00
+850.000E-03,+1.955870E+00,+1.978243E+00
+852.500E-03,+1.913538E+00,+1.977690E+00
+855.000E-03,+1.963548E+00,+1.978243E+00
+857.500E-03,+1.968111E+00,+1.977137E+00
+860.000E-03,+1.944352E+00,+1.977037E+00
+862.500E-03,+1.937579E+00,+1.976986E+00
+865.000E-03,+1.948111E+00,+1.976986E+00
+867.500E-03,+1.972754E+00,+1.977640E+00
+870.000E-03,+1.985096E+00,+1.976986E+00
+872.500E-03,+1.975810E+00,+1.976986E+00
+875.000E-03,+1.963508E+00,+1.976986E+00
+877.500E-03,+1.962764E+00,+1.976986E+00
+880.000E-03,+1.949096E+00,+1.976986E+00
+882.500E-03,+1.939749E+00,+1.976383E+00
+885.000E-03,+1.957357E+00,+1.976986E+00
+887.500E-03,+1.957076E+00,+1.976986E+00
+890.000E-03,+1.960855E+00,+1.976986E+00
+892.500E-03,+1.956815E+00,+1.976836E+00
+895.000E-03,+1.950724E+00,+1.975730E+00
+897.500E-03,+1.955568E+00,+1.976986E+00
+900.000E-03,+1.951749E+00,+1.976233E+00
+902.500E-03,+1.958242E+00,+1.976032E+00
+905.000E-03,+1.962121E+00,+1.976886E+00
+907.500E-03,+1.971146E+00,+1.976886E+00
+910.000E-03,+1.945317E+00,+1.975730E+00
+912.500E-03,+1.960996E+00,+1.975730E+00
+915.000E-03,+1.957880E+00,+1.975730E+00
+917.500E-03,+1.948212E+00,+1.974826E+00
+920.000E-03,+1.970403E+00,+1.975730E+00
+922.500E-03,+1.977337E+00,+1.975680E+00
+925.000E-03,+1.951046E+00,+1.975479E+00
+927.500E-03,+1.960373E+00,+1.975730E+00
+930.000E-03,+1.958483E+00,+1.975077E+00
+932.500E-03,+1.948091E+00,+1.974474E+00
+935.000E-03,+1.959528E+00,+1.975529E+00
+937.500E-03,+1.975066E+00,+1.974474E+00
+940.000E-03,+1.983207E+00,+1.974474E+00
+942.500E-03,+1.958202E+00,+1.974474E+00
+945.000E-03,+1.959166E+00,+1.974474E+00
+947.500E-03,+1.969438E+00,+1.974926E+00
+950.000E-03,+1.969739E+00,+1.975479E+00
+952.500E-03,+1.951790E+00,+1.974474E+00
+955.000E-03,+1.977297E+00,+1.974474E+00
+957.500E-03,+1.973398E+00,+1.974474E+00
+960.000E-03,+1.946362E+00,+1.974474E+00
+962.500E-03,+1.967729E+00,+1.974474E+00
+965.000E-03,+1.938563E+00,+1.974474E+00
+967.500E-03,+1.967106E+00,+1.974474E+00
+970.000E-03,+1.973900E+00,+1.975630E+00
+972.500E-03,+1.978182E+00,+1.974474E+00
+975.000E-03,+1.975568E+00,+1.974474E+00
+977.500E-03,+1.961156E+00,+1.974474E+00
+980.000E-03,+1.962161E+00,+1.974474E+00
+982.500E-03,+1.962021E+00,+1.974474E+00
+985.000E-03,+1.961679E+00,+1.974474E+00
+987.500E-03,+1.973357E+00,+1.974474E+00
+990.000E-03,+1.967468E+00,+1.974474E+00
+992.500E-03,+1.964373E+00,+1.974474E+00
+995.000E-03,+1.958644E+00,+1.974474E+00
+997.500E-03,+1.961639E+00,+1.974474E+00
+1.000000E+00,+1.950443E+00,+1.974474E+00
+1.002500E+00,+1.966403E+00,+1.974474E+00
+1.005000E+00,+1.971749E+00,+1.974474E+00
+1.007500E+00,+1.963890E+00,+1.973218E+00
+1.010000E+00,+1.943187E+00,+1.974022E+00
+1.012500E+00,+1.948533E+00,+1.974474E+00
+1.015000E+00,+1.953599E+00,+1.974424E+00
+1.017500E+00,+1.958182E+00,+1.973218E+00
+1.020000E+00,+1.965860E+00,+1.973218E+00
+1.022500E+00,+1.968795E+00,+1.973921E+00
+1.025000E+00,+1.968031E+00,+1.973218E+00
+1.027500E+00,+1.960212E+00,+1.973218E+00
+1.030000E+00,+1.956413E+00,+1.973218E+00
+1.032500E+00,+1.943709E+00,+1.973318E+00
+1.035000E+00,+1.956051E+00,+1.973218E+00
+1.037500E+00,+1.960292E+00,+1.973218E+00
+1.040000E+00,+1.961217E+00,+1.973218E+00
+1.042500E+00,+1.953840E+00,+1.973218E+00
+1.045000E+00,+1.954885E+00,+1.973067E+00
+1.047500E+00,+1.954161E+00,+1.973218E+00
+1.050000E+00,+1.948935E+00,+1.973218E+00
+1.052500E+00,+1.949920E+00,+1.973218E+00
+1.055000E+00,+1.973719E+00,+1.973218E+00
+1.057500E+00,+1.972473E+00,+1.972363E+00
+1.060000E+00,+1.956674E+00,+1.973218E+00
+1.062500E+00,+1.931347E+00,+1.971961E+00
+1.065000E+00,+1.933378E+00,+1.973218E+00
+1.067500E+00,+1.943850E+00,+1.973218E+00
+1.070000E+00,+1.967106E+00,+1.973218E+00
+1.072500E+00,+1.963930E+00,+1.973218E+00
+1.075000E+00,+1.942604E+00,+1.973218E+00
+1.077500E+00,+1.932433E+00,+1.971961E+00
+1.080000E+00,+1.945800E+00,+1.971961E+00
+1.082500E+00,+1.945981E+00,+1.971961E+00
+1.085000E+00,+1.953538E+00,+1.971961E+00
+1.087500E+00,+1.955971E+00,+1.971961E+00
+1.090000E+00,+1.968996E+00,+1.971961E+00
+1.092500E+00,+1.970222E+00,+1.971961E+00
+1.095000E+00,+1.919227E+00,+1.971961E+00
+1.097500E+00,+1.945960E+00,+1.971961E+00
+1.100000E+00,+1.945116E+00,+1.971208E+00
+1.102500E+00,+1.957418E+00,+1.970705E+00
+1.105000E+00,+1.961780E+00,+1.971057E+00
+1.107500E+00,+1.953639E+00,+1.970705E+00
+1.110000E+00,+1.945981E+00,+1.970705E+00
+1.112500E+00,+1.941096E+00,+1.970705E+00
+1.115000E+00,+1.946001E+00,+1.970705E+00
+1.117500E+00,+1.952915E+00,+1.970705E+00
+1.120000E+00,+1.959046E+00,+1.970705E+00
+1.122500E+00,+1.969418E+00,+1.970705E+00
+1.125000E+00,+1.945418E+00,+1.971961E+00
+1.127500E+00,+1.933357E+00,+1.970705E+00
+1.130000E+00,+1.933960E+00,+1.970705E+00
+1.132500E+00,+1.943448E+00,+1.970052E+00
+1.135000E+00,+1.935086E+00,+1.969449E+00
+1.137500E+00,+1.937579E+00,+1.969449E+00
+1.140000E+00,+1.949518E+00,+1.969449E+00
+1.142500E+00,+1.949940E+00,+1.969449E+00
+1.145000E+00,+1.966523E+00,+1.969449E+00
+1.147500E+00,+1.948292E+00,+1.969449E+00
+1.150000E+00,+1.915367E+00,+1.969449E+00
+1.152500E+00,+1.934222E+00,+1.969449E+00
+1.155000E+00,+1.941538E+00,+1.969348E+00
+1.157500E+00,+1.927810E+00,+1.969449E+00
+1.160000E+00,+1.928734E+00,+1.968192E+00
+1.162500E+00,+1.929739E+00,+1.968192E+00
+1.165000E+00,+1.932553E+00,+1.968192E+00
+1.167500E+00,+1.936654E+00,+1.968192E+00
+1.170000E+00,+1.957558E+00,+1.968192E+00
+1.172500E+00,+1.955086E+00,+1.968192E+00
+1.175000E+00,+1.968935E+00,+1.968192E+00
+1.177500E+00,+1.946001E+00,+1.968192E+00
+1.180000E+00,+1.947166E+00,+1.968192E+00
+1.182500E+00,+1.946503E+00,+1.968192E+00
+1.185000E+00,+1.960754E+00,+1.968192E+00
+1.187500E+00,+1.970041E+00,+1.968192E+00
+1.190000E+00,+1.968192E+00,+1.968192E+00
+1.192500E+00,+1.953599E+00,+1.967790E+00
+1.195000E+00,+1.941599E+00,+1.968192E+00
+1.197500E+00,+1.953739E+00,+1.968192E+00
+1.200000E+00,+1.957177E+00,+1.968192E+00
+1.202500E+00,+1.966342E+00,+1.968142E+00
+1.205000E+00,+1.971046E+00,+1.966936E+00
+1.207500E+00,+1.962684E+00,+1.967288E+00
+1.210000E+00,+1.960252E+00,+1.967640E+00
+1.212500E+00,+1.942503E+00,+1.966936E+00
+1.215000E+00,+1.932051E+00,+1.966936E+00
+1.217500E+00,+1.954202E+00,+1.968192E+00
+1.220000E+00,+1.951729E+00,+1.966936E+00
+1.222500E+00,+1.971066E+00,+1.968192E+00
+1.225000E+00,+1.966825E+00,+1.966936E+00
+1.227500E+00,+1.945940E+00,+1.966936E+00
+1.230000E+00,+1.935729E+00,+1.966936E+00
+1.232500E+00,+1.938141E+00,+1.966936E+00
+1.235000E+00,+1.948754E+00,+1.966936E+00
+1.237500E+00,+1.944513E+00,+1.966936E+00
+1.240000E+00,+1.967569E+00,+1.966936E+00
+1.242500E+00,+1.947066E+00,+1.966936E+00
+1.245000E+00,+1.931448E+00,+1.966534E+00
+1.247500E+00,+1.936895E+00,+1.965680E+00
+1.250000E+00,+1.948433E+00,+1.965680E+00
+1.252500E+00,+1.939187E+00,+1.965680E+00
+1.255000E+00,+1.948433E+00,+1.966936E+00
+1.257500E+00,+1.954483E+00,+1.965680E+00
+1.260000E+00,+1.941558E+00,+1.965680E+00
+1.262500E+00,+1.939488E+00,+1.965680E+00
+1.265000E+00,+1.959629E+00,+1.966886E+00
+1.267500E+00,+1.959569E+00,+1.965680E+00
+1.270000E+00,+1.963569E+00,+1.965680E+00
+1.272500E+00,+1.967006E+00,+1.966233E+00
+1.275000E+00,+1.959589E+00,+1.965680E+00
+1.277500E+00,+1.961378E+00,+1.965680E+00
+1.280000E+00,+1.964172E+00,+1.965680E+00
+1.282500E+00,+1.963448E+00,+1.966836E+00
+1.285000E+00,+1.957759E+00,+1.965680E+00
+1.287500E+00,+1.971146E+00,+1.965680E+00
+1.290000E+00,+1.956654E+00,+1.965680E+00
+1.292500E+00,+1.953177E+00,+1.965680E+00
+1.295000E+00,+1.953900E+00,+1.965680E+00
+1.297500E+00,+1.957900E+00,+1.965680E+00
+1.300000E+00,+1.960996E+00,+1.965680E+00
+1.302500E+00,+1.974905E+00,+1.965680E+00
+1.305000E+00,+1.969558E+00,+1.965680E+00
+1.307500E+00,+1.963749E+00,+1.965680E+00
+1.310000E+00,+1.945699E+00,+1.966735E+00
+1.312500E+00,+1.956976E+00,+1.965680E+00
+1.315000E+00,+1.943026E+00,+1.965680E+00
+1.317500E+00,+1.962403E+00,+1.965680E+00
+1.320000E+00,+1.967006E+00,+1.965680E+00
+1.322500E+00,+1.971548E+00,+1.965680E+00
+1.325000E+00,+1.974262E+00,+1.965680E+00
+1.327500E+00,+1.948614E+00,+1.965680E+00
+1.330000E+00,+1.934383E+00,+1.965680E+00
+1.332500E+00,+1.937619E+00,+1.965680E+00
+1.335000E+00,+1.946905E+00,+1.965680E+00
+1.337500E+00,+1.968533E+00,+1.965680E+00
+1.340000E+00,+1.962744E+00,+1.965680E+00
+1.342500E+00,+1.953257E+00,+1.965680E+00
+1.345000E+00,+1.955729E+00,+1.965680E+00
+1.347500E+00,+1.949156E+00,+1.965680E+00
+1.350000E+00,+1.949840E+00,+1.965680E+00
+1.352500E+00,+1.960976E+00,+1.965680E+00
+1.355000E+00,+1.959126E+00,+1.965680E+00
+1.357500E+00,+1.963287E+00,+1.965680E+00
+1.360000E+00,+1.947307E+00,+1.965680E+00
+1.362500E+00,+1.944915E+00,+1.965680E+00
+1.365000E+00,+1.949438E+00,+1.965228E+00
+1.367500E+00,+1.944473E+00,+1.965077E+00
+1.370000E+00,+1.957880E+00,+1.964424E+00
+1.372500E+00,+1.971508E+00,+1.964625E+00
+1.375000E+00,+1.956976E+00,+1.964424E+00
+1.377500E+00,+1.952935E+00,+1.964424E+00
+1.380000E+00,+1.955247E+00,+1.964424E+00
+1.382500E+00,+1.956895E+00,+1.964424E+00
+1.385000E+00,+1.962383E+00,+1.964424E+00
+1.387500E+00,+1.973860E+00,+1.964424E+00
+1.390000E+00,+1.969096E+00,+1.964474E+00
+1.392500E+00,+1.961217E+00,+1.965680E+00
+1.395000E+00,+1.949317E+00,+1.964424E+00
+1.397500E+00,+1.945880E+00,+1.964424E+00
+1.400000E+00,+1.955870E+00,+1.964424E+00
+1.402500E+00,+1.966161E+00,+1.964424E+00
+1.405000E+00,+1.976875E+00,+1.964424E+00
+1.407500E+00,+1.971388E+00,+1.964424E+00
+1.410000E+00,+1.959347E+00,+1.964424E+00
+1.412500E+00,+1.947830E+00,+1.964424E+00
+1.415000E+00,+1.954805E+00,+1.964424E+00
+1.417500E+00,+1.962161E+00,+1.964424E+00
+1.420000E+00,+1.968553E+00,+1.964424E+00
+1.422500E+00,+1.971870E+00,+1.964424E+00
+1.425000E+00,+1.971548E+00,+1.965429E+00
+1.427500E+00,+1.955790E+00,+1.964424E+00
+1.430000E+00,+1.960976E+00,+1.964424E+00
+1.432500E+00,+1.949759E+00,+1.964424E+00
+1.435000E+00,+1.963689E+00,+1.964625E+00
+1.437500E+00,+1.960493E+00,+1.964424E+00
+1.440000E+00,+1.988192E+00,+1.965479E+00
+1.442500E+00,+1.950503E+00,+1.965680E+00
+1.445000E+00,+1.950061E+00,+1.964424E+00
+1.447500E+00,+1.950503E+00,+1.964424E+00
+1.450000E+00,+1.959890E+00,+1.964675E+00
+1.452500E+00,+1.964011E+00,+1.964424E+00
+1.455000E+00,+1.963890E+00,+1.964424E+00
+1.457500E+00,+1.961478E+00,+1.964424E+00
+1.460000E+00,+1.967448E+00,+1.964424E+00
+1.462500E+00,+1.952754E+00,+1.965177E+00
+1.465000E+00,+1.967207E+00,+1.964424E+00
+1.467500E+00,+1.960935E+00,+1.964424E+00
+1.470000E+00,+1.956232E+00,+1.964424E+00
+1.472500E+00,+1.967066E+00,+1.964424E+00
+1.475000E+00,+1.963910E+00,+1.964424E+00
+1.477500E+00,+1.960714E+00,+1.964424E+00
+1.480000E+00,+1.948131E+00,+1.964424E+00
+1.482500E+00,+1.952312E+00,+1.964424E+00
+1.485000E+00,+1.952976E+00,+1.964424E+00
+1.487500E+00,+1.965920E+00,+1.964424E+00
+1.490000E+00,+1.963669E+00,+1.965228E+00
+1.492500E+00,+1.962925E+00,+1.964424E+00
+1.495000E+00,+1.958744E+00,+1.964424E+00
+1.497500E+00,+1.947890E+00,+1.964424E+00
+1.500000E+00,+1.949438E+00,+1.964424E+00
+1.502500E+00,+1.982041E+00,+1.965479E+00
+1.505000E+00,+1.967649E+00,+1.965278E+00
+1.507500E+00,+1.970925E+00,+1.965680E+00
+1.510000E+00,+1.949378E+00,+1.964876E+00
+1.512500E+00,+1.941398E+00,+1.964424E+00
+1.515000E+00,+1.949981E+00,+1.964424E+00
+1.517500E+00,+1.954764E+00,+1.964424E+00
+1.520000E+00,+1.963287E+00,+1.964424E+00
+1.522500E+00,+1.983950E+00,+1.964424E+00
+1.525000E+00,+1.988634E+00,+1.964424E+00
+1.527500E+00,+1.968272E+00,+1.964424E+00
+1.530000E+00,+1.956312E+00,+1.964424E+00
+1.532500E+00,+1.966463E+00,+1.964424E+00
+1.535000E+00,+1.955428E+00,+1.964424E+00
+1.537500E+00,+1.972553E+00,+1.964424E+00
+1.540000E+00,+1.957317E+00,+1.965127E+00
+1.542500E+00,+1.949599E+00,+1.964424E+00
+1.545000E+00,+1.959488E+00,+1.964424E+00
+1.547500E+00,+1.957257E+00,+1.964424E+00
+1.550000E+00,+1.963106E+00,+1.964424E+00
+1.552500E+00,+1.979629E+00,+1.965228E+00
+1.555000E+00,+1.980935E+00,+1.964424E+00
+1.557500E+00,+1.978684E+00,+1.965680E+00
+1.560000E+00,+1.966222E+00,+1.965479E+00
+1.562500E+00,+1.970041E+00,+1.965680E+00
+1.565000E+00,+1.956031E+00,+1.964625E+00
+1.567500E+00,+1.940754E+00,+1.964424E+00
+1.570000E+00,+2.004031E+00,+1.965027E+00
+1.572500E+00,+2.042403E+00,+1.965680E+00
+1.575000E+00,+1.941096E+00,+1.965680E+00
+1.577500E+00,+1.929257E+00,+1.965680E+00
+1.580000E+00,+1.989880E+00,+1.965680E+00
+1.582500E+00,+2.124654E+00,+1.965680E+00
+1.585000E+00,+2.167629E+00,+1.966936E+00
+1.587500E+00,+2.185317E+00,+1.968695E+00
+1.590000E+00,+1.715569E+00,+1.968192E+00
+1.592500E+00,+1.865016E+00,+1.966936E+00
+1.595000E+00,+1.916131E+00,+1.966836E+00
+1.597500E+00,+2.006604E+00,+1.966936E+00
+1.600000E+00,+1.981297E+00,+1.966936E+00
+1.602500E+00,+2.074624E+00,+1.968192E+00
+1.605000E+00,+2.023589E+00,+1.968192E+00
+1.607500E+00,+2.000714E+00,+1.968192E+00
+1.610000E+00,+2.293800E+00,+1.968192E+00
+1.612500E+00,+2.298785E+00,+1.970705E+00
+1.615000E+00,+1.948553E+00,+1.971961E+00
+1.617500E+00,+1.919870E+00,+1.970705E+00
+1.620000E+00,+1.877317E+00,+1.970705E+00
+1.622500E+00,+1.731689E+00,+1.969248E+00
+1.625000E+00,+1.846925E+00,+1.969449E+00
+1.627500E+00,+1.865659E+00,+1.968192E+00
+1.630000E+00,+1.856292E+00,+1.968192E+00
+1.632500E+00,+2.066141E+00,+1.967589E+00
+1.635000E+00,+2.042744E+00,+1.968192E+00
+1.637500E+00,+2.214563E+00,+1.969449E+00
+1.640000E+00,+2.102563E+00,+1.970705E+00
+1.642500E+00,+1.885639E+00,+1.969449E+00
+1.645000E+00,+1.982483E+00,+1.969449E+00
+1.647500E+00,+2.247368E+00,+1.970705E+00
+1.650000E+00,+2.074362E+00,+1.971961E+00
+1.652500E+00,+1.554121E+00,+1.970705E+00
+1.655000E+00,+1.838785E+00,+1.969449E+00
+1.657500E+00,+2.047991E+00,+1.969449E+00
+1.660000E+00,+2.179749E+00,+1.969449E+00
+1.662500E+00,+2.191950E+00,+1.971961E+00
+1.665000E+00,+1.667810E+00,+1.970705E+00
+1.667500E+00,+2.063227E+00,+1.970705E+00
+1.670000E+00,+1.938141E+00,+1.970705E+00
+1.672500E+00,+1.825317E+00,+1.970705E+00
+1.675000E+00,+1.930845E+00,+1.969449E+00
+1.677500E+00,+1.910905E+00,+1.969449E+00
+1.680000E+00,+2.141478E+00,+1.970052E+00
+1.682500E+00,+2.005337E+00,+1.970705E+00
+1.685000E+00,+1.983569E+00,+1.970705E+00
+1.687500E+00,+1.946423E+00,+1.970705E+00
+1.690000E+00,+2.134242E+00,+1.970705E+00
+1.692500E+00,+1.999327E+00,+1.971559E+00
+1.695000E+00,+2.025357E+00,+1.971961E+00
+1.697500E+00,+1.990744E+00,+1.971961E+00
+1.700000E+00,+1.953558E+00,+1.971961E+00
+1.702500E+00,+2.026121E+00,+1.971961E+00
+1.705000E+00,+1.993056E+00,+1.971961E+00
+1.707500E+00,+1.978724E+00,+1.971961E+00
+1.710000E+00,+1.962001E+00,+1.971961E+00
+1.712500E+00,+1.932553E+00,+1.971961E+00
+1.715000E+00,+1.981659E+00,+1.972916E+00
+1.717500E+00,+2.042644E+00,+1.973218E+00
+1.720000E+00,+1.984815E+00,+1.973218E+00
+1.722500E+00,+1.990584E+00,+1.972263E+00
+1.725000E+00,+2.030141E+00,+1.973218E+00
+1.727500E+00,+1.975890E+00,+1.973218E+00
+1.730000E+00,+2.088252E+00,+1.973218E+00
+1.732500E+00,+1.875810E+00,+1.973218E+00
+1.735000E+00,+2.115609E+00,+1.973218E+00
+1.737500E+00,+1.998182E+00,+1.973218E+00
+1.740000E+00,+2.087347E+00,+1.974474E+00
+1.742500E+00,+2.046604E+00,+1.974474E+00
+1.745000E+00,+1.878262E+00,+1.974072E+00
+1.747500E+00,+1.921357E+00,+1.974273E+00
+1.750000E+00,+1.991146E+00,+1.974474E+00
+1.752500E+00,+2.043448E+00,+1.974474E+00
+1.755000E+00,+1.979267E+00,+1.974474E+00
+1.757500E+00,+1.939669E+00,+1.974474E+00
+1.760000E+00,+1.948453E+00,+1.974474E+00
+1.762500E+00,+1.934764E+00,+1.974474E+00
+1.765000E+00,+1.964734E+00,+1.973218E+00
+1.767500E+00,+2.016775E+00,+1.973218E+00
+1.770000E+00,+1.941759E+00,+1.973218E+00
+1.772500E+00,+2.005116E+00,+1.973770E+00
+1.775000E+00,+1.971548E+00,+1.973218E+00
+1.777500E+00,+2.015810E+00,+1.973519E+00
+1.780000E+00,+1.996393E+00,+1.974373E+00
+1.782500E+00,+1.925036E+00,+1.973318E+00
+1.785000E+00,+1.958443E+00,+1.973519E+00
+1.787500E+00,+2.014061E+00,+1.974474E+00
+1.790000E+00,+2.005498E+00,+1.974474E+00
+1.792500E+00,+1.994302E+00,+1.974122E+00
+1.795000E+00,+1.975046E+00,+1.974474E+00
+1.797500E+00,+2.033116E+00,+1.974474E+00
+1.800000E+00,+1.968433E+00,+1.974474E+00
+1.802500E+00,+2.029840E+00,+1.974474E+00
+1.805000E+00,+2.068332E+00,+1.975730E+00
+1.807500E+00,+2.007669E+00,+1.975730E+00
+1.810000E+00,+2.012091E+00,+1.974474E+00
+1.812500E+00,+2.106222E+00,+1.975730E+00
+1.815000E+00,+2.067930E+00,+1.976986E+00
+1.817500E+00,+1.876654E+00,+1.976132E+00
+1.820000E+00,+1.861960E+00,+1.976333E+00
+1.822500E+00,+1.953981E+00,+1.975730E+00
+1.825000E+00,+2.008935E+00,+1.975730E+00
+1.827500E+00,+1.940292E+00,+1.975730E+00
+1.830000E+00,+2.097800E+00,+1.976836E+00
+1.832500E+00,+2.087468E+00,+1.976986E+00
+1.835000E+00,+2.054604E+00,+1.978243E+00
+1.837500E+00,+1.827528E+00,+1.976986E+00
+1.840000E+00,+1.936373E+00,+1.975730E+00
+1.842500E+00,+1.907086E+00,+1.975730E+00
+1.845000E+00,+2.030121E+00,+1.975730E+00
+1.847500E+00,+2.012935E+00,+1.976032E+00
+1.850000E+00,+1.990443E+00,+1.976986E+00
+1.852500E+00,+1.975327E+00,+1.976986E+00
+1.855000E+00,+1.952915E+00,+1.975730E+00
+1.857500E+00,+2.020413E+00,+1.975881E+00
+1.860000E+00,+2.041518E+00,+1.976986E+00
+1.862500E+00,+1.968835E+00,+1.976986E+00
+1.865000E+00,+2.003227E+00,+1.976986E+00
+1.867500E+00,+2.042584E+00,+1.977589E+00
+1.870000E+00,+1.962503E+00,+1.978243E+00
+1.872500E+00,+1.936091E+00,+1.977187E+00
+1.875000E+00,+1.964513E+00,+1.976986E+00
+1.877500E+00,+2.012292E+00,+1.978243E+00
+1.880000E+00,+2.057940E+00,+1.978243E+00
+1.882500E+00,+1.924473E+00,+1.978243E+00
+1.885000E+00,+1.968754E+00,+1.978243E+00
+1.887500E+00,+2.028332E+00,+1.978243E+00
+1.890000E+00,+1.991769E+00,+1.978243E+00
+1.892500E+00,+1.943207E+00,+1.978243E+00
+1.895000E+00,+1.971408E+00,+1.977891E+00
+1.897500E+00,+1.953920E+00,+1.977539E+00
+1.900000E+00,+2.024714E+00,+1.978243E+00
+1.902500E+00,+2.000011E+00,+1.978243E+00
+1.905000E+00,+2.014463E+00,+1.978243E+00
+1.907500E+00,+2.043448E+00,+1.978243E+00
+1.910000E+00,+1.958744E+00,+1.978243E+00
+1.912500E+00,+1.955367E+00,+1.978243E+00
+1.915000E+00,+1.987227E+00,+1.978243E+00
+1.917500E+00,+2.018563E+00,+1.979499E+00
+1.920000E+00,+2.038443E+00,+1.978243E+00
+1.922500E+00,+2.097217E+00,+1.978293E+00
+1.925000E+00,+1.965518E+00,+1.979499E+00
+1.927500E+00,+1.868775E+00,+1.979499E+00
+1.930000E+00,+1.993659E+00,+1.979499E+00
+1.932500E+00,+2.017156E+00,+1.979499E+00
+1.935000E+00,+1.889780E+00,+1.979499E+00
+1.937500E+00,+2.039388E+00,+1.978243E+00
+1.940000E+00,+1.966704E+00,+1.979499E+00
+1.942500E+00,+1.860976E+00,+1.979499E+00
+1.945000E+00,+1.960996E+00,+1.978243E+00
+1.947500E+00,+1.980855E+00,+1.978243E+00
+1.950000E+00,+1.991850E+00,+1.978243E+00
+1.952500E+00,+1.985217E+00,+1.978293E+00
+1.955000E+00,+1.997197E+00,+1.979499E+00
+1.957500E+00,+1.984855E+00,+1.979147E+00
+1.960000E+00,+1.999106E+00,+1.978243E+00
+1.962500E+00,+1.938684E+00,+1.979499E+00
+1.965000E+00,+1.953297E+00,+1.979499E+00
+1.967500E+00,+1.937860E+00,+1.978243E+00
+1.970000E+00,+1.992815E+00,+1.978243E+00
+1.972500E+00,+2.038141E+00,+1.978243E+00
+1.975000E+00,+1.978081E+00,+1.978243E+00
+1.977500E+00,+1.974845E+00,+1.979499E+00
+1.980000E+00,+1.998362E+00,+1.979499E+00
+1.982500E+00,+1.990624E+00,+1.979499E+00
+1.985000E+00,+1.971187E+00,+1.979499E+00
+1.987500E+00,+1.989136E+00,+1.979499E+00
+1.990000E+00,+2.012212E+00,+1.978695E+00
+1.992500E+00,+1.984835E+00,+1.979499E+00
+1.995000E+00,+1.974322E+00,+1.978645E+00
+1.997500E+00,+1.941820E+00,+1.979298E+00
+2.000000E+00,+1.997177E+00,+1.979499E+00
+2.002500E+00,+1.977619E+00,+1.979499E+00
+2.005000E+00,+1.958764E+00,+1.979097E+00
+2.007500E+00,+1.965920E+00,+1.978896E+00
+2.010000E+00,+2.106202E+00,+1.979499E+00
+2.012500E+00,+2.191749E+00,+1.980755E+00
+2.015000E+00,+2.182503E+00,+1.980806E+00
+2.017500E+00,+1.672855E+00,+1.980906E+00
+2.020000E+00,+1.960453E+00,+1.980755E+00
+2.022500E+00,+1.984011E+00,+1.980755E+00
+2.025000E+00,+1.903508E+00,+1.980755E+00
+2.027500E+00,+1.965357E+00,+1.979801E+00
+2.030000E+00,+1.977719E+00,+1.980755E+00
+2.032500E+00,+1.960292E+00,+1.979499E+00
+2.035000E+00,+1.988996E+00,+1.979499E+00
+2.037500E+00,+2.011046E+00,+1.979499E+00
+2.040000E+00,+1.974764E+00,+1.980203E+00
+2.042500E+00,+1.960775E+00,+1.979499E+00
+2.045000E+00,+1.963548E+00,+1.979499E+00
+2.047500E+00,+1.952694E+00,+1.979499E+00
+2.050000E+00,+1.982704E+00,+1.979499E+00
+2.052500E+00,+1.980332E+00,+1.979951E+00
+2.055000E+00,+2.002463E+00,+1.979499E+00
+2.057500E+00,+1.970242E+00,+1.979499E+00
+2.060000E+00,+1.963247E+00,+1.980554E+00
+2.062500E+00,+1.955468E+00,+1.979499E+00
+2.065000E+00,+1.985197E+00,+1.979499E+00
+2.067500E+00,+1.983870E+00,+1.979499E+00
+2.070000E+00,+1.957558E+00,+1.979499E+00
+2.072500E+00,+1.999709E+00,+1.979499E+00
+2.075000E+00,+1.998383E+00,+1.979499E+00
+2.077500E+00,+2.032011E+00,+1.980755E+00
+2.080000E+00,+1.999287E+00,+1.980755E+00
+2.082500E+00,+2.034563E+00,+1.980755E+00
+2.085000E+00,+1.867830E+00,+1.980755E+00
+2.087500E+00,+1.953960E+00,+1.980755E+00
+2.090000E+00,+1.953398E+00,+1.980755E+00
+2.092500E+00,+1.960574E+00,+1.980755E+00
+2.095000E+00,+1.947026E+00,+1.980755E+00
+2.097500E+00,+1.957579E+00,+1.980755E+00
+2.100000E+00,+1.989639E+00,+1.980002E+00
+2.102500E+00,+1.979006E+00,+1.980052E+00
+2.105000E+00,+1.969780E+00,+1.980404E+00
+2.107500E+00,+1.999910E+00,+1.980605E+00
+2.110000E+00,+2.042905E+00,+1.979549E+00
+2.112500E+00,+2.075367E+00,+1.980755E+00
+2.115000E+00,+2.066322E+00,+1.982012E+00
+2.117500E+00,+1.849639E+00,+1.980152E+00
+2.120000E+00,+1.948734E+00,+1.980755E+00
+2.122500E+00,+1.882001E+00,+1.979499E+00
+2.125000E+00,+1.978081E+00,+1.979499E+00
+2.127500E+00,+2.003830E+00,+1.979499E+00
+2.130000E+00,+1.968594E+00,+1.979901E+00
+2.132500E+00,+1.979046E+00,+1.979499E+00
+2.135000E+00,+1.953277E+00,+1.980755E+00
+2.137500E+00,+1.983006E+00,+1.980504E+00
+2.140000E+00,+1.982604E+00,+1.979499E+00
+2.142500E+00,+1.959629E+00,+1.980605E+00
+2.145000E+00,+1.985920E+00,+1.980755E+00
+2.147500E+00,+2.002121E+00,+1.980203E+00
+2.150000E+00,+1.992151E+00,+1.980755E+00
+2.152500E+00,+1.935890E+00,+1.980755E+00
+2.155000E+00,+1.978262E+00,+1.980655E+00
+2.157500E+00,+1.960453E+00,+1.980755E+00
+2.160000E+00,+1.948011E+00,+1.979499E+00
+2.162500E+00,+1.990945E+00,+1.980253E+00
+2.165000E+00,+1.991488E+00,+1.980203E+00
+2.167500E+00,+1.965960E+00,+1.979851E+00
+2.170000E+00,+1.970242E+00,+1.979499E+00
+2.172500E+00,+1.978483E+00,+1.979499E+00
+2.175000E+00,+2.007629E+00,+1.979499E+00
+2.177500E+00,+2.000795E+00,+1.980303E+00
+2.180000E+00,+2.030061E+00,+1.980755E+00
+2.182500E+00,+2.037116E+00,+1.980755E+00
+2.185000E+00,+1.910785E+00,+1.980755E+00
+2.187500E+00,+1.949438E+00,+1.980755E+00
+2.190000E+00,+1.978805E+00,+1.980554E+00
+2.192500E+00,+1.986141E+00,+1.979499E+00
+2.195000E+00,+1.954222E+00,+1.979499E+00
+2.197500E+00,+1.955528E+00,+1.979499E+00
+2.200000E+00,+2.016272E+00,+1.979499E+00
+2.202500E+00,+1.988674E+00,+1.979499E+00
+2.205000E+00,+1.982222E+00,+1.979499E+00
+2.207500E+00,+1.962845E+00,+1.980404E+00
+2.210000E+00,+1.964875E+00,+1.980052E+00
+2.212500E+00,+1.976976E+00,+1.980002E+00
+2.215000E+00,+1.976292E+00,+1.979499E+00
+2.217500E+00,+1.935910E+00,+1.979499E+00
+2.220000E+00,+1.969398E+00,+1.979499E+00
+2.222500E+00,+2.002764E+00,+1.979499E+00
+2.225000E+00,+1.967227E+00,+1.979499E+00
+2.227500E+00,+1.939709E+00,+1.979499E+00
+2.230000E+00,+2.040011E+00,+1.979499E+00
+2.232500E+00,+2.057579E+00,+1.980755E+00
+2.235000E+00,+2.010262E+00,+1.980806E+00
+2.237500E+00,+1.901297E+00,+1.979750E+00
+2.240000E+00,+1.939368E+00,+1.979499E+00
+2.242500E+00,+1.982342E+00,+1.980102E+00
+2.245000E+00,+1.950584E+00,+1.979499E+00
+2.247500E+00,+1.961780E+00,+1.979499E+00
+2.250000E+00,+1.961498E+00,+1.979499E+00
+2.252500E+00,+1.966101E+00,+1.979499E+00
+2.255000E+00,+1.977237E+00,+1.979499E+00
+2.257500E+00,+1.974121E+00,+1.979499E+00
+2.260000E+00,+1.950885E+00,+1.978695E+00
+2.262500E+00,+1.965719E+00,+1.979248E+00
+2.265000E+00,+1.961780E+00,+1.978243E+00
+2.267500E+00,+1.965458E+00,+1.979499E+00
+2.270000E+00,+1.970403E+00,+1.979147E+00
+2.272500E+00,+1.977820E+00,+1.979499E+00
+2.275000E+00,+1.971649E+00,+1.978997E+00
+2.277500E+00,+1.963669E+00,+1.979499E+00
+2.280000E+00,+1.956473E+00,+1.979399E+00
+2.282500E+00,+1.962584E+00,+1.978243E+00
+2.285000E+00,+1.966925E+00,+1.978243E+00
+2.287500E+00,+1.977277E+00,+1.978243E+00
+2.290000E+00,+1.972694E+00,+1.978243E+00
+2.292500E+00,+1.970704E+00,+1.978243E+00
+2.295000E+00,+1.956453E+00,+1.978243E+00
+2.297500E+00,+1.961197E+00,+1.978243E+00
+2.300000E+00,+1.957780E+00,+1.978243E+00
+2.302500E+00,+1.959749E+00,+1.978243E+00
+2.305000E+00,+1.983709E+00,+1.978243E+00
+2.307500E+00,+1.979649E+00,+1.978243E+00
+2.310000E+00,+1.980915E+00,+1.978243E+00
+2.312500E+00,+1.965016E+00,+1.978243E+00
+2.315000E+00,+1.965016E+00,+1.978243E+00
+2.317500E+00,+1.974322E+00,+1.978645E+00
+2.320000E+00,+1.988513E+00,+1.978243E+00
+2.322500E+00,+1.954101E+00,+1.978243E+00
+2.325000E+00,+1.986423E+00,+1.978243E+00
+2.327500E+00,+1.956533E+00,+1.978243E+00
+2.330000E+00,+1.968051E+00,+1.978243E+00
+2.332500E+00,+1.962563E+00,+1.978243E+00
+2.335000E+00,+1.968071E+00,+1.978243E+00
+2.337500E+00,+1.976373E+00,+1.978243E+00
+2.340000E+00,+1.983026E+00,+1.978243E+00
+2.342500E+00,+1.961699E+00,+1.978243E+00
+2.345000E+00,+1.978161E+00,+1.978243E+00
+2.347500E+00,+1.958624E+00,+1.978243E+00
+2.350000E+00,+1.979991E+00,+1.977489E+00
+2.352500E+00,+1.967689E+00,+1.977539E+00
+2.355000E+00,+1.973880E+00,+1.977338E+00
+2.357500E+00,+1.971287E+00,+1.978092E+00
+2.360000E+00,+1.962865E+00,+1.978243E+00
+2.362500E+00,+1.966523E+00,+1.978243E+00
+2.365000E+00,+1.952835E+00,+1.976986E+00
+2.367500E+00,+1.957538E+00,+1.977589E+00
+2.370000E+00,+1.957498E+00,+1.977841E+00
+2.372500E+00,+1.979991E+00,+1.976986E+00
+2.375000E+00,+1.964513E+00,+1.976986E+00
+2.377500E+00,+1.970202E+00,+1.977187E+00
+2.380000E+00,+1.963166E+00,+1.976986E+00
+2.382500E+00,+1.965458E+00,+1.976986E+00
+2.385000E+00,+2.001277E+00,+1.977790E+00
+2.387500E+00,+1.963508E+00,+1.976986E+00
+2.390000E+00,+1.963026E+00,+1.976986E+00
+2.392500E+00,+1.950001E+00,+1.976986E+00
+2.395000E+00,+1.947227E+00,+1.976986E+00
+2.397500E+00,+1.977940E+00,+1.976986E+00
+2.400000E+00,+1.993257E+00,+1.976986E+00
+2.402500E+00,+1.960111E+00,+1.976986E+00
+2.405000E+00,+1.920393E+00,+1.975730E+00
+2.407500E+00,+1.945237E+00,+1.975730E+00
+2.410000E+00,+1.997699E+00,+1.976986E+00
+2.412500E+00,+1.950744E+00,+1.976986E+00
+2.415000E+00,+1.945237E+00,+1.976986E+00
+2.417500E+00,+1.916212E+00,+1.975730E+00
+2.420000E+00,+1.930081E+00,+1.975730E+00
+2.422500E+00,+1.958744E+00,+1.975730E+00
+2.425000E+00,+1.964413E+00,+1.975730E+00
+2.427500E+00,+1.968031E+00,+1.975730E+00
+2.430000E+00,+1.955267E+00,+1.975730E+00
+2.432500E+00,+1.961840E+00,+1.975730E+00
+2.435000E+00,+1.932594E+00,+1.975730E+00
+2.437500E+00,+1.949940E+00,+1.975730E+00
+2.440000E+00,+1.932835E+00,+1.975730E+00
+2.442500E+00,+1.985056E+00,+1.975328E+00
+2.445000E+00,+1.939649E+00,+1.975127E+00
+2.447500E+00,+1.951629E+00,+1.974474E+00
+2.450000E+00,+1.940192E+00,+1.974474E+00
+2.452500E+00,+1.920413E+00,+1.974474E+00
+2.455000E+00,+1.940151E+00,+1.973218E+00
+2.457500E+00,+1.955991E+00,+1.973218E+00
+2.460000E+00,+1.938764E+00,+1.973921E+00
+2.462500E+00,+1.911649E+00,+1.973218E+00
+2.465000E+00,+1.936272E+00,+1.973218E+00
+2.467500E+00,+1.917378E+00,+1.973218E+00
+2.470000E+00,+1.938383E+00,+1.973218E+00
+2.472500E+00,+1.929538E+00,+1.973218E+00
+2.475000E+00,+1.938785E+00,+1.973218E+00
+2.477500E+00,+1.931910E+00,+1.972514E+00
+2.480000E+00,+1.938704E+00,+1.971961E+00
+2.482500E+00,+1.936915E+00,+1.971961E+00
+2.485000E+00,+1.949277E+00,+1.971961E+00
+2.487500E+00,+1.955569E+00,+1.971961E+00
+2.490000E+00,+1.963106E+00,+1.971961E+00
+2.492500E+00,+1.958021E+00,+1.970705E+00
+2.495000E+00,+1.959991E+00,+1.971559E+00
+2.497500E+00,+1.954845E+00,+1.971961E+00
+2.500000E+00,+1.951950E+00,+1.970705E+00
+2.502500E+00,+1.896071E+00,+1.970705E+00
+2.505000E+00,+1.933297E+00,+1.970705E+00
+2.507500E+00,+1.942061E+00,+1.970705E+00
+2.510000E+00,+1.938563E+00,+1.970705E+00
+2.512500E+00,+1.950342E+00,+1.970705E+00
+2.515000E+00,+1.939267E+00,+1.970705E+00
+2.517500E+00,+1.953759E+00,+1.970705E+00
+2.520000E+00,+1.951749E+00,+1.970705E+00
+2.522500E+00,+1.957579E+00,+1.970705E+00
+2.525000E+00,+1.959287E+00,+1.970203E+00
+2.527500E+00,+1.945579E+00,+1.969449E+00
+2.530000E+00,+1.935950E+00,+1.969449E+00
+2.532500E+00,+1.930925E+00,+1.969549E+00
+2.535000E+00,+1.930463E+00,+1.969449E+00
+2.537500E+00,+1.935267E+00,+1.969449E+00
+2.540000E+00,+1.948775E+00,+1.969449E+00
+2.542500E+00,+1.926463E+00,+1.969449E+00
+2.545000E+00,+1.937960E+00,+1.969298E+00
+2.547500E+00,+1.922805E+00,+1.968243E+00
+2.550000E+00,+1.923307E+00,+1.968192E+00
+2.552500E+00,+1.932835E+00,+1.968192E+00
+2.555000E+00,+1.952875E+00,+1.968192E+00
+2.557500E+00,+1.960594E+00,+1.968192E+00
+2.560000E+00,+1.945679E+00,+1.968192E+00
+2.562500E+00,+1.936875E+00,+1.968192E+00
+2.565000E+00,+1.938081E+00,+1.968192E+00
+2.567500E+00,+1.941478E+00,+1.968192E+00
+2.570000E+00,+1.928111E+00,+1.968192E+00
+2.572500E+00,+1.935448E+00,+1.967740E+00
+2.575000E+00,+1.925418E+00,+1.967941E+00
+2.577500E+00,+1.924352E+00,+1.966936E+00
+2.580000E+00,+1.930463E+00,+1.966936E+00
+2.582500E+00,+1.924594E+00,+1.966936E+00
+2.585000E+00,+1.925679E+00,+1.966936E+00
+2.587500E+00,+1.941699E+00,+1.966182E+00
+2.590000E+00,+1.951327E+00,+1.965981E+00
+2.592500E+00,+1.948594E+00,+1.966836E+00
+2.595000E+00,+1.947307E+00,+1.966936E+00
+2.597500E+00,+1.940674E+00,+1.965680E+00
+2.600000E+00,+1.937679E+00,+1.966434E+00
+2.602500E+00,+1.940212E+00,+1.965680E+00
+2.605000E+00,+1.932775E+00,+1.965680E+00
+2.607500E+00,+1.944895E+00,+1.965680E+00
+2.610000E+00,+1.940855E+00,+1.965680E+00
+2.612500E+00,+1.933759E+00,+1.965680E+00
+2.615000E+00,+1.940172E+00,+1.964876E+00
+2.617500E+00,+1.950905E+00,+1.964424E+00
+2.620000E+00,+1.967227E+00,+1.964826E+00
+2.622500E+00,+1.958141E+00,+1.964424E+00
+2.625000E+00,+1.950443E+00,+1.964424E+00
+2.627500E+00,+1.949619E+00,+1.964424E+00
+2.630000E+00,+1.933197E+00,+1.964424E+00
+2.632500E+00,+1.939950E+00,+1.964424E+00
+2.635000E+00,+1.943508E+00,+1.964424E+00
+2.637500E+00,+1.961498E+00,+1.964424E+00
+2.640000E+00,+1.960031E+00,+1.964424E+00
+2.642500E+00,+1.953498E+00,+1.964424E+00
+2.645000E+00,+1.950161E+00,+1.964775E+00
+2.647500E+00,+1.943388E+00,+1.964424E+00
+2.650000E+00,+1.939287E+00,+1.964424E+00
+2.652500E+00,+1.953579E+00,+1.964424E+00
+2.655000E+00,+1.956754E+00,+1.964424E+00
+2.657500E+00,+1.953900E+00,+1.964424E+00
+2.660000E+00,+1.953217E+00,+1.964424E+00
+2.662500E+00,+1.943408E+00,+1.964424E+00
+2.665000E+00,+1.946785E+00,+1.964424E+00
+2.667500E+00,+1.957599E+00,+1.964424E+00
+2.670000E+00,+1.961619E+00,+1.964424E+00
+2.672500E+00,+1.963528E+00,+1.964424E+00
+2.675000E+00,+1.961900E+00,+1.964424E+00
+2.677500E+00,+1.952111E+00,+1.964424E+00
+2.680000E+00,+1.946523E+00,+1.964424E+00
+2.682500E+00,+1.950624E+00,+1.964424E+00
+2.685000E+00,+1.955267E+00,+1.963167E+00
+2.687500E+00,+1.959991E+00,+1.963167E+00
+2.690000E+00,+1.967770E+00,+1.964223E+00
+2.692500E+00,+1.963106E+00,+1.964424E+00
+2.695000E+00,+1.952151E+00,+1.964424E+00
+2.697500E+00,+1.940151E+00,+1.964424E+00
+2.700000E+00,+1.948232E+00,+1.964424E+00
+2.702500E+00,+1.955870E+00,+1.964424E+00
+2.705000E+00,+1.957297E+00,+1.963318E+00
+2.707500E+00,+1.952533E+00,+1.963167E+00
+2.710000E+00,+1.948553E+00,+1.963720E+00
+2.712500E+00,+1.939488E+00,+1.963167E+00
+2.715000E+00,+1.949317E+00,+1.963167E+00
+2.717500E+00,+1.940835E+00,+1.963167E+00
+2.720000E+00,+1.953237E+00,+1.963167E+00
+2.722500E+00,+1.955548E+00,+1.963167E+00
+2.725000E+00,+1.960895E+00,+1.963167E+00
+2.727500E+00,+1.954644E+00,+1.963167E+00
+2.730000E+00,+1.945056E+00,+1.964072E+00
+2.732500E+00,+1.944433E+00,+1.963167E+00
+2.735000E+00,+1.948795E+00,+1.963167E+00
+2.737500E+00,+1.962202E+00,+1.963167E+00
+2.740000E+00,+1.958744E+00,+1.963167E+00
+2.742500E+00,+1.957960E+00,+1.963167E+00
+2.745000E+00,+1.945699E+00,+1.963167E+00
+2.747500E+00,+1.953538E+00,+1.963167E+00
+2.750000E+00,+1.955971E+00,+1.963167E+00
+2.752500E+00,+1.967528E+00,+1.963167E+00
+2.755000E+00,+1.976915E+00,+1.963167E+00
+2.757500E+00,+1.981800E+00,+1.963167E+00
+2.760000E+00,+1.975950E+00,+1.963167E+00
+2.762500E+00,+1.954061E+00,+1.963167E+00
+2.765000E+00,+1.959850E+00,+1.963167E+00
+2.767500E+00,+1.958805E+00,+1.963167E+00
+2.770000E+00,+1.966322E+00,+1.963167E+00
+2.772500E+00,+1.985820E+00,+1.963167E+00
+2.775000E+00,+1.975971E+00,+1.963167E+00
+2.777500E+00,+1.965257E+00,+1.963167E+00
+2.780000E+00,+1.961739E+00,+1.964424E+00
+2.782500E+00,+1.958242E+00,+1.963167E+00
+2.785000E+00,+1.968051E+00,+1.964122E+00
+2.787500E+00,+1.972151E+00,+1.963167E+00
+2.790000E+00,+1.984855E+00,+1.963720E+00
+2.792500E+00,+1.972493E+00,+1.964424E+00
+2.795000E+00,+1.963709E+00,+1.964273E+00
+2.797500E+00,+1.961981E+00,+1.963218E+00
+2.800000E+00,+1.958483E+00,+1.964424E+00
+2.802500E+00,+1.971850E+00,+1.963167E+00
+2.805000E+00,+1.974805E+00,+1.963821E+00
+2.807500E+00,+1.971770E+00,+1.964424E+00
+2.810000E+00,+1.955729E+00,+1.964424E+00
+2.812500E+00,+1.960493E+00,+1.964424E+00
+2.815000E+00,+1.961558E+00,+1.964424E+00
+2.817500E+00,+1.962202E+00,+1.964424E+00
+2.820000E+00,+1.955790E+00,+1.963770E+00
+2.822500E+00,+1.963106E+00,+1.964424E+00
+2.825000E+00,+1.973558E+00,+1.964424E+00
+2.827500E+00,+1.965699E+00,+1.964424E+00
+2.830000E+00,+1.958684E+00,+1.964424E+00
+2.832500E+00,+1.951890E+00,+1.964424E+00
+2.835000E+00,+1.963187E+00,+1.964424E+00
+2.837500E+00,+1.965719E+00,+1.964424E+00
+2.840000E+00,+1.975589E+00,+1.964424E+00
+2.842500E+00,+1.968453E+00,+1.964323E+00
+2.845000E+00,+1.965357E+00,+1.964424E+00
+2.847500E+00,+1.952855E+00,+1.964424E+00
+2.850000E+00,+1.956875E+00,+1.963921E+00
+2.852500E+00,+1.968935E+00,+1.964424E+00
+2.855000E+00,+1.979006E+00,+1.964424E+00
+2.857500E+00,+1.976875E+00,+1.964424E+00
+2.860000E+00,+1.967830E+00,+1.963167E+00
+2.862500E+00,+1.955166E+00,+1.964424E+00
+2.865000E+00,+1.969960E+00,+1.963971E+00
+2.867500E+00,+1.972815E+00,+1.964424E+00
+2.870000E+00,+1.977900E+00,+1.964424E+00
+2.872500E+00,+1.974282E+00,+1.964424E+00
+2.875000E+00,+1.972553E+00,+1.965680E+00
+2.877500E+00,+1.960513E+00,+1.964424E+00
+2.880000E+00,+1.971187E+00,+1.964424E+00
+2.882500E+00,+1.956915E+00,+1.964424E+00
+2.885000E+00,+1.968694E+00,+1.964424E+00
+2.887500E+00,+1.974865E+00,+1.964424E+00
+2.890000E+00,+1.978302E+00,+1.964424E+00
+2.892500E+00,+1.976272E+00,+1.964424E+00
+2.895000E+00,+1.964614E+00,+1.964424E+00
+2.897500E+00,+1.964433E+00,+1.964424E+00
+2.900000E+00,+1.965217E+00,+1.964424E+00
+2.902500E+00,+1.963388E+00,+1.964424E+00
+2.905000E+00,+1.971649E+00,+1.964524E+00
+2.907500E+00,+1.966423E+00,+1.964424E+00
+2.910000E+00,+1.960935E+00,+1.964725E+00
+2.912500E+00,+1.958182E+00,+1.964926E+00
+2.915000E+00,+1.963468E+00,+1.965680E+00
+2.917500E+00,+1.972513E+00,+1.965328E+00
+2.920000E+00,+1.975749E+00,+1.965680E+00
+2.922500E+00,+1.971689E+00,+1.965680E+00
+2.925000E+00,+1.981599E+00,+1.965680E+00
+2.927500E+00,+1.979890E+00,+1.965680E+00
+2.930000E+00,+1.967890E+00,+1.965680E+00
+2.932500E+00,+1.945679E+00,+1.965680E+00
+2.935000E+00,+1.976011E+00,+1.964625E+00
+2.937500E+00,+1.960493E+00,+1.965680E+00
+2.940000E+00,+1.971649E+00,+1.965680E+00
+2.942500E+00,+1.974885E+00,+1.965680E+00
+2.945000E+00,+1.936433E+00,+1.965680E+00
+2.947500E+00,+2.005498E+00,+1.965680E+00
+2.950000E+00,+2.036674E+00,+1.965680E+00
+2.952500E+00,+1.976835E+00,+1.966936E+00
+2.955000E+00,+2.036413E+00,+1.966936E+00
+2.957500E+00,+1.903769E+00,+1.966936E+00
+2.960000E+00,+1.962302E+00,+1.966936E+00
+2.962500E+00,+2.041297E+00,+1.966936E+00
+2.965000E+00,+2.053016E+00,+1.966936E+00
+2.967500E+00,+1.980654E+00,+1.967037E+00
+2.970000E+00,+1.906423E+00,+1.966936E+00
+2.972500E+00,+1.905538E+00,+1.966936E+00
+2.975000E+00,+1.950845E+00,+1.966936E+00
+2.977500E+00,+1.949880E+00,+1.966383E+00
+2.980000E+00,+1.970664E+00,+1.966032E+00
+2.982500E+00,+2.110664E+00,+1.966936E+00
+2.985000E+00,+2.042202E+00,+1.966936E+00
+2.987500E+00,+2.037780E+00,+1.966936E+00
+2.990000E+00,+1.988091E+00,+1.967740E+00
+2.992500E+00,+2.029418E+00,+1.968192E+00
+2.995000E+00,+1.990644E+00,+1.968192E+00
+2.997500E+00,+1.818423E+00,+1.968192E+00
+3.000000E+00,+1.972051E+00,+1.968192E+00
+3.002500E+00,+1.877337E+00,+1.966936E+00
+3.005000E+00,+2.005599E+00,+1.967790E+00
+3.007500E+00,+1.996614E+00,+1.966936E+00
+3.010000E+00,+1.995368E+00,+1.966936E+00
+3.012500E+00,+2.013056E+00,+1.968192E+00
+3.015000E+00,+2.095589E+00,+1.968243E+00
+3.017500E+00,+2.085317E+00,+1.969449E+00
+3.020000E+00,+2.125438E+00,+1.969449E+00
+3.022500E+00,+1.811207E+00,+1.969449E+00
+3.025000E+00,+1.759187E+00,+1.968192E+00
+3.027500E+00,+1.995106E+00,+1.968192E+00
+3.030000E+00,+1.961518E+00,+1.968192E+00
+3.032500E+00,+2.057337E+00,+1.968192E+00
+3.035000E+00,+2.056151E+00,+1.969449E+00
+3.037500E+00,+1.940895E+00,+1.968695E+00
+3.040000E+00,+2.008895E+00,+1.968745E+00
+3.042500E+00,+1.967850E+00,+1.968544E+00
+3.045000E+00,+2.017337E+00,+1.969449E+00
+3.047500E+00,+2.018403E+00,+1.969449E+00
+3.050000E+00,+1.967227E+00,+1.969449E+00
+3.052500E+00,+2.076694E+00,+1.970705E+00
+3.055000E+00,+2.081960E+00,+1.970705E+00
+3.057500E+00,+2.134282E+00,+1.971559E+00
+3.060000E+00,+1.931247E+00,+1.971961E+00
+3.062500E+00,+2.006222E+00,+1.971961E+00
+3.065000E+00,+1.890704E+00,+1.971961E+00
+3.067500E+00,+2.041639E+00,+1.971961E+00
+3.070000E+00,+1.869900E+00,+1.971308E+00
+3.072500E+00,+1.992011E+00,+1.971961E+00
+3.075000E+00,+2.027830E+00,+1.971961E+00
+3.077500E+00,+2.014503E+00,+1.971961E+00
+3.080000E+00,+1.916573E+00,+1.971961E+00
+3.082500E+00,+1.931830E+00,+1.971961E+00
+3.085000E+00,+2.034684E+00,+1.971961E+00
+3.087500E+00,+1.991850E+00,+1.971961E+00
+3.090000E+00,+2.139267E+00,+1.973218E+00
+3.092500E+00,+2.103388E+00,+1.973218E+00
+3.095000E+00,+1.934744E+00,+1.973218E+00
+3.097500E+00,+1.946905E+00,+1.971961E+00
+3.100000E+00,+2.018584E+00,+1.972464E+00
+3.102500E+00,+1.896694E+00,+1.973218E+00
+3.105000E+00,+1.981739E+00,+1.971961E+00
+3.107500E+00,+2.015166E+00,+1.973218E+00
+3.110000E+00,+1.949599E+00,+1.973218E+00
+3.112500E+00,+1.946021E+00,+1.973218E+00
+3.115000E+00,+1.942342E+00,+1.972414E+00
+3.117500E+00,+2.030463E+00,+1.973218E+00
+3.120000E+00,+1.930805E+00,+1.973218E+00
+3.122500E+00,+1.995227E+00,+1.973218E+00
+3.125000E+00,+2.038383E+00,+1.973218E+00
+3.127500E+00,+1.992694E+00,+1.973218E+00
+3.130000E+00,+2.115307E+00,+1.974474E+00
+3.132500E+00,+2.095991E+00,+1.975127E+00
+3.135000E+00,+1.994744E+00,+1.975730E+00
+3.137500E+00,+1.837880E+00,+1.974474E+00
+3.140000E+00,+1.979508E+00,+1.974474E+00
+3.142500E+00,+2.010986E+00,+1.974625E+00
+3.145000E+00,+1.986041E+00,+1.975378E+00
+3.147500E+00,+1.925458E+00,+1.974474E+00
+3.150000E+00,+2.034563E+00,+1.974474E+00
+3.152500E+00,+1.945458E+00,+1.974775E+00
+3.155000E+00,+1.971589E+00,+1.974474E+00
+3.157500E+00,+1.917800E+00,+1.974474E+00
+3.160000E+00,+2.044654E+00,+1.975429E+00
+3.162500E+00,+1.941498E+00,+1.974474E+00
+3.165000E+00,+2.038262E+00,+1.975730E+00
+3.167500E+00,+1.987749E+00,+1.975378E+00
+3.170000E+00,+2.003649E+00,+1.975730E+00
+3.172500E+00,+2.015910E+00,+1.975730E+00
+3.175000E+00,+1.980996E+00,+1.975730E+00
+3.177500E+00,+1.968071E+00,+1.975730E+00
+3.180000E+00,+1.952875E+00,+1.975730E+00
+3.182500E+00,+1.998845E+00,+1.975730E+00
+3.185000E+00,+2.028131E+00,+1.975730E+00
+3.187500E+00,+1.972553E+00,+1.975730E+00
+3.190000E+00,+1.968413E+00,+1.975730E+00
+3.192500E+00,+2.029156E+00,+1.976132E+00
+3.195000E+00,+1.986121E+00,+1.976333E+00
+3.197500E+00,+1.939388E+00,+1.976534E+00
+3.200000E+00,+2.013960E+00,+1.975730E+00
+3.202500E+00,+2.065398E+00,+1.976986E+00
+3.205000E+00,+2.015669E+00,+1.976986E+00
+3.207500E+00,+2.013116E+00,+1.976986E+00
+3.210000E+00,+1.935066E+00,+1.976986E+00
+3.212500E+00,+1.993156E+00,+1.976986E+00
+3.215000E+00,+2.036011E+00,+1.977288E+00
+3.217500E+00,+1.975026E+00,+1.976986E+00
+3.220000E+00,+1.956292E+00,+1.976986E+00
+3.222500E+00,+1.958141E+00,+1.976986E+00
+3.225000E+00,+2.051448E+00,+1.977489E+00
+3.227500E+00,+2.028091E+00,+1.978243E+00
+3.230000E+00,+1.949759E+00,+1.976986E+00
+3.232500E+00,+1.974383E+00,+1.978092E+00
+3.235000E+00,+1.986925E+00,+1.978192E+00
+3.237500E+00,+1.911548E+00,+1.978243E+00
+3.240000E+00,+2.069659E+00,+1.978243E+00
+3.242500E+00,+1.983669E+00,+1.978243E+00
+3.245000E+00,+1.958101E+00,+1.978243E+00
+3.247500E+00,+2.007006E+00,+1.977187E+00
+3.250000E+00,+1.964011E+00,+1.976986E+00
+3.252500E+00,+1.972654E+00,+1.978243E+00
+3.255000E+00,+1.962222E+00,+1.977841E+00
+3.257500E+00,+1.960574E+00,+1.977640E+00
+3.260000E+00,+2.009116E+00,+1.976986E+00
+3.262500E+00,+2.021699E+00,+1.977238E+00
+3.265000E+00,+1.976131E+00,+1.978243E+00
+3.267500E+00,+1.949016E+00,+1.978243E+00
+3.270000E+00,+1.996694E+00,+1.977338E+00
+3.272500E+00,+1.975749E+00,+1.977690E+00
+3.275000E+00,+1.980192E+00,+1.978243E+00
+3.277500E+00,+1.945076E+00,+1.977941E+00
+3.280000E+00,+2.018161E+00,+1.978243E+00
+3.282500E+00,+2.031388E+00,+1.978243E+00
+3.285000E+00,+2.002523E+00,+1.978243E+00
+3.287500E+00,+1.969538E+00,+1.978243E+00
+3.290000E+00,+2.012815E+00,+1.978243E+00
+3.292500E+00,+1.991388E+00,+1.978595E+00
+3.295000E+00,+2.024051E+00,+1.978243E+00
+3.297500E+00,+1.979950E+00,+1.978243E+00
+3.300000E+00,+2.001297E+00,+1.978243E+00
+3.302500E+00,+1.988855E+00,+1.978695E+00
+3.305000E+00,+2.071126E+00,+1.979499E+00
+3.307500E+00,+2.013578E+00,+1.979499E+00
+3.310000E+00,+1.911971E+00,+1.978243E+00
+3.312500E+00,+1.956473E+00,+1.978243E+00
+3.315000E+00,+2.006624E+00,+1.978243E+00
+3.317500E+00,+1.939086E+00,+1.978243E+00
+3.320000E+00,+2.005036E+00,+1.979499E+00
+3.322500E+00,+2.004292E+00,+1.979499E+00
+3.325000E+00,+1.951347E+00,+1.978494E+00
+3.327500E+00,+1.977418E+00,+1.979499E+00
+3.330000E+00,+1.995609E+00,+1.979499E+00
+3.332500E+00,+2.027910E+00,+1.979499E+00
+3.335000E+00,+1.994362E+00,+1.979499E+00
+3.337500E+00,+1.937579E+00,+1.979499E+00
+3.340000E+00,+1.956533E+00,+1.979499E+00
+3.342500E+00,+1.946061E+00,+1.979499E+00
+3.345000E+00,+1.963046E+00,+1.979499E+00
+3.347500E+00,+2.030362E+00,+1.979499E+00
+3.350000E+00,+1.976875E+00,+1.979499E+00
+3.352500E+00,+1.999548E+00,+1.979499E+00
+3.355000E+00,+1.988131E+00,+1.979499E+00
+3.357500E+00,+1.995729E+00,+1.979499E+00
+3.360000E+00,+1.967749E+00,+1.979499E+00
+3.362500E+00,+1.946021E+00,+1.979499E+00
+3.365000E+00,+1.966885E+00,+1.979499E+00
+3.367500E+00,+1.962966E+00,+1.979499E+00
+3.370000E+00,+1.983709E+00,+1.979499E+00
+3.372500E+00,+1.943307E+00,+1.979499E+00
+3.375000E+00,+2.011749E+00,+1.979499E+00
+3.377500E+00,+1.987729E+00,+1.979499E+00
+3.380000E+00,+2.012091E+00,+1.979499E+00
+3.382500E+00,+1.979428E+00,+1.980152E+00
+3.385000E+00,+1.963508E+00,+1.980303E+00
+3.387500E+00,+2.042704E+00,+1.980755E+00
+3.390000E+00,+2.040976E+00,+1.980755E+00
+3.392500E+00,+1.977599E+00,+1.981861E+00
+3.395000E+00,+1.962222E+00,+1.980755E+00
+3.397500E+00,+1.985960E+00,+1.980755E+00
+3.400000E+00,+1.966021E+00,+1.980755E+00
+3.402500E+00,+1.871930E+00,+1.980755E+00
+3.405000E+00,+1.904011E+00,+1.979499E+00
+3.407500E+00,+2.028895E+00,+1.979499E+00
+3.410000E+00,+2.011669E+00,+1.980755E+00
+3.412500E+00,+2.002905E+00,+1.980755E+00
+3.415000E+00,+1.961780E+00,+1.980755E+00
+3.417500E+00,+1.978463E+00,+1.980404E+00
+3.420000E+00,+1.995770E+00,+1.979499E+00
+3.422500E+00,+1.987991E+00,+1.980755E+00
+3.425000E+00,+1.980594E+00,+1.979750E+00
+3.427500E+00,+1.977780E+00,+1.980755E+00
+3.430000E+00,+1.962885E+00,+1.980755E+00
+3.432500E+00,+2.010262E+00,+1.980755E+00
+3.435000E+00,+1.986965E+00,+1.980755E+00
+3.437500E+00,+1.991649E+00,+1.980755E+00
+3.440000E+00,+1.955046E+00,+1.980755E+00
+3.442500E+00,+1.988634E+00,+1.980755E+00
+3.445000E+00,+1.959749E+00,+1.980152E+00
+3.447500E+00,+1.913237E+00,+1.979499E+00
+3.450000E+00,+1.954865E+00,+1.979499E+00
+3.452500E+00,+2.012071E+00,+1.979549E+00
+3.455000E+00,+2.012292E+00,+1.980605E+00
+3.457500E+00,+1.984192E+00,+1.980755E+00
+3.460000E+00,+1.950584E+00,+1.980755E+00
+3.462500E+00,+1.974865E+00,+1.980253E+00
+3.465000E+00,+1.968312E+00,+1.980755E+00
+3.467500E+00,+1.997840E+00,+1.979600E+00
+3.470000E+00,+1.971166E+00,+1.979499E+00
+3.472500E+00,+1.982664E+00,+1.979499E+00
+3.475000E+00,+1.986222E+00,+1.980002E+00
+3.477500E+00,+1.924051E+00,+1.979499E+00
+3.480000E+00,+1.987830E+00,+1.979499E+00
+3.482500E+00,+1.984955E+00,+1.979499E+00
+3.485000E+00,+1.965538E+00,+1.980755E+00
+3.487500E+00,+1.968634E+00,+1.979750E+00
+3.490000E+00,+1.986965E+00,+1.979951E+00
+3.492500E+00,+2.004855E+00,+1.980755E+00
+3.495000E+00,+2.002282E+00,+1.980755E+00
+3.497500E+00,+1.953498E+00,+1.979700E+00
+3.500000E+00,+1.950945E+00,+1.980755E+00
+3.502500E+00,+1.940775E+00,+1.979499E+00
+3.505000E+00,+1.984393E+00,+1.980353E+00
+3.507500E+00,+2.088352E+00,+1.980102E+00
+3.510000E+00,+2.040996E+00,+1.980755E+00
+3.512500E+00,+1.930242E+00,+1.980755E+00
+3.515000E+00,+1.928694E+00,+1.979499E+00
+3.517500E+00,+1.956051E+00,+1.979499E+00
+3.520000E+00,+2.010584E+00,+1.980404E+00
+3.522500E+00,+1.942865E+00,+1.979499E+00
+3.525000E+00,+2.009538E+00,+1.979499E+00
+3.527500E+00,+1.994905E+00,+1.980454E+00
+3.530000E+00,+1.969056E+00,+1.979600E+00
+3.532500E+00,+1.963830E+00,+1.980755E+00
+3.535000E+00,+1.945498E+00,+1.980755E+00
+3.537500E+00,+1.973558E+00,+1.980755E+00
+3.540000E+00,+2.019810E+00,+1.980052E+00
+3.542500E+00,+2.027026E+00,+1.980755E+00
+3.545000E+00,+2.021759E+00,+1.980755E+00
+3.547500E+00,+1.988815E+00,+1.980755E+00
+3.550000E+00,+1.894463E+00,+1.980755E+00
+3.552500E+00,+1.961016E+00,+1.979951E+00
+3.555000E+00,+1.949016E+00,+1.980102E+00
+3.557500E+00,+1.993739E+00,+1.980353E+00
+3.560000E+00,+1.965739E+00,+1.979499E+00
+3.562500E+00,+2.004212E+00,+1.980755E+00
+3.565000E+00,+2.038664E+00,+1.979499E+00
+3.567500E+00,+1.945357E+00,+1.979901E+00
+3.570000E+00,+1.978925E+00,+1.980755E+00
+3.572500E+00,+1.962081E+00,+1.980303E+00
+3.575000E+00,+2.039890E+00,+1.980755E+00
+3.577500E+00,+1.971609E+00,+1.980755E+00
+3.580000E+00,+1.963971E+00,+1.980755E+00
+3.582500E+00,+1.978684E+00,+1.980755E+00
+3.585000E+00,+1.961619E+00,+1.979499E+00
+3.587500E+00,+1.987026E+00,+1.980253E+00
+3.590000E+00,+1.971166E+00,+1.979801E+00
+3.592500E+00,+1.938141E+00,+1.980655E+00
+3.595000E+00,+1.980071E+00,+1.980655E+00
+3.597500E+00,+1.963971E+00,+1.979801E+00
+3.600000E+00,+1.958986E+00,+1.980002E+00
+3.602500E+00,+1.965036E+00,+1.979499E+00
+3.605000E+00,+1.973096E+00,+1.980404E+00
+3.607500E+00,+2.010081E+00,+1.979499E+00
+3.610000E+00,+1.985096E+00,+1.979499E+00
+3.612500E+00,+1.941297E+00,+1.979499E+00
+3.615000E+00,+1.991770E+00,+1.979499E+00
+3.617500E+00,+1.990463E+00,+1.979499E+00
+3.620000E+00,+2.031448E+00,+1.979499E+00
+3.622500E+00,+2.010965E+00,+1.979499E+00
+3.625000E+00,+1.917780E+00,+1.979499E+00
+3.627500E+00,+1.924513E+00,+1.979499E+00
+3.630000E+00,+2.041920E+00,+1.979499E+00
+3.632500E+00,+1.977217E+00,+1.980152E+00
+3.635000E+00,+1.881940E+00,+1.979499E+00
+3.637500E+00,+1.947327E+00,+1.979499E+00
+3.640000E+00,+1.940634E+00,+1.979499E+00
+3.642500E+00,+1.981639E+00,+1.979499E+00
+3.645000E+00,+1.951991E+00,+1.979147E+00
+3.647500E+00,+1.978564E+00,+1.979499E+00
+3.650000E+00,+1.956775E+00,+1.979499E+00
+3.652500E+00,+1.991729E+00,+1.979499E+00
+3.655000E+00,+2.005156E+00,+1.978343E+00
+3.657500E+00,+1.977599E+00,+1.979499E+00
+3.660000E+00,+1.982061E+00,+1.979499E+00
+3.662500E+00,+1.958081E+00,+1.979499E+00
+3.665000E+00,+1.954242E+00,+1.979499E+00
+3.667500E+00,+1.995629E+00,+1.979499E+00
+3.670000E+00,+1.976031E+00,+1.979499E+00
+3.672500E+00,+1.958463E+00,+1.979499E+00
+3.675000E+00,+1.978986E+00,+1.979499E+00
+3.677500E+00,+2.009780E+00,+1.979499E+00
+3.680000E+00,+1.963106E+00,+1.979499E+00
+3.682500E+00,+1.981016E+00,+1.979499E+00
+3.685000E+00,+1.971126E+00,+1.979499E+00
+3.687500E+00,+1.993156E+00,+1.979499E+00
+3.690000E+00,+1.981378E+00,+1.979499E+00
+3.692500E+00,+2.006322E+00,+1.979499E+00
+3.695000E+00,+2.009478E+00,+1.979499E+00
+3.697500E+00,+2.013820E+00,+1.979951E+00
+3.700000E+00,+1.854563E+00,+1.979499E+00
+3.702500E+00,+1.973639E+00,+1.979499E+00
+3.705000E+00,+1.970001E+00,+1.979499E+00
+3.707500E+00,+1.950403E+00,+1.979499E+00
+3.710000E+00,+1.967448E+00,+1.979499E+00
+3.712500E+00,+1.930141E+00,+1.979499E+00
+3.715000E+00,+1.964734E+00,+1.979499E+00
+3.717500E+00,+1.980272E+00,+1.979499E+00
+3.720000E+00,+1.993197E+00,+1.980655E+00
+3.722500E+00,+1.954785E+00,+1.980454E+00
+3.725000E+00,+1.988835E+00,+1.979499E+00
+3.727500E+00,+2.023227E+00,+1.979499E+00
+3.730000E+00,+2.006986E+00,+1.979499E+00
+3.732500E+00,+1.976171E+00,+1.979499E+00
+3.735000E+00,+1.931006E+00,+1.979499E+00
+3.737500E+00,+1.955267E+00,+1.979499E+00
+3.740000E+00,+2.017096E+00,+1.979499E+00
+3.742500E+00,+1.987548E+00,+1.979499E+00
+3.745000E+00,+1.985458E+00,+1.979499E+00
+3.747500E+00,+1.966584E+00,+1.979499E+00
+3.750000E+00,+1.968533E+00,+1.979499E+00
+3.752500E+00,+1.972312E+00,+1.979499E+00
+3.755000E+00,+1.958604E+00,+1.979499E+00
+3.757500E+00,+1.987227E+00,+1.979499E+00
+3.760000E+00,+1.977096E+00,+1.979499E+00
+3.762500E+00,+1.986624E+00,+1.979499E+00
+3.765000E+00,+1.930403E+00,+1.979499E+00
+3.767500E+00,+1.967187E+00,+1.979499E+00
+3.770000E+00,+1.983006E+00,+1.979499E+00
+3.772500E+00,+1.985780E+00,+1.979499E+00
+3.775000E+00,+1.975367E+00,+1.979499E+00
+3.777500E+00,+1.961981E+00,+1.979499E+00
+3.780000E+00,+1.964312E+00,+1.978343E+00
+3.782500E+00,+1.955770E+00,+1.978343E+00
+3.785000E+00,+1.964453E+00,+1.979499E+00
+3.787500E+00,+1.999388E+00,+1.979499E+00
+3.790000E+00,+1.969036E+00,+1.979499E+00
+3.792500E+00,+1.929518E+00,+1.978243E+00
+3.795000E+00,+1.951307E+00,+1.979499E+00
+3.797500E+00,+1.957579E+00,+1.979499E+00
+3.800000E+00,+1.990041E+00,+1.978494E+00
+3.802500E+00,+2.016815E+00,+1.979499E+00
+3.805000E+00,+1.978342E+00,+1.979499E+00
+3.807500E+00,+2.016091E+00,+1.979499E+00
+3.810000E+00,+1.961579E+00,+1.979499E+00
+3.812500E+00,+1.947428E+00,+1.979499E+00
+3.815000E+00,+1.964634E+00,+1.979499E+00
+3.817500E+00,+1.935890E+00,+1.978645E+00
+3.820000E+00,+2.010061E+00,+1.978896E+00
+3.822500E+00,+1.975468E+00,+1.979047E+00
+3.825000E+00,+1.955669E+00,+1.979499E+00
+3.827500E+00,+1.977900E+00,+1.979499E+00
+3.830000E+00,+1.960051E+00,+1.978243E+00
+3.832500E+00,+1.957820E+00,+1.979499E+00
+3.835000E+00,+1.983830E+00,+1.978243E+00
+3.837500E+00,+1.966624E+00,+1.979499E+00
+3.840000E+00,+1.963930E+00,+1.978243E+00
+3.842500E+00,+2.008895E+00,+1.978243E+00
+3.845000E+00,+1.969860E+00,+1.978243E+00
+3.847500E+00,+1.955046E+00,+1.979198E+00
+3.850000E+00,+1.969639E+00,+1.978243E+00
+3.852500E+00,+1.970202E+00,+1.978243E+00
+3.855000E+00,+1.968815E+00,+1.978243E+00
+3.857500E+00,+1.976011E+00,+1.978243E+00
+3.860000E+00,+1.977337E+00,+1.978243E+00
+3.862500E+00,+1.992754E+00,+1.978243E+00
+3.865000E+00,+1.964433E+00,+1.978243E+00
+3.867500E+00,+1.913056E+00,+1.978243E+00
+3.870000E+00,+1.981317E+00,+1.978243E+00
+3.872500E+00,+1.996312E+00,+1.978042E+00
+3.875000E+00,+1.985619E+00,+1.978243E+00
+3.877500E+00,+1.948734E+00,+1.978243E+00
+3.880000E+00,+1.985478E+00,+1.978243E+00
+3.882500E+00,+2.000815E+00,+1.978243E+00
+3.885000E+00,+1.987629E+00,+1.978243E+00
+3.887500E+00,+2.007528E+00,+1.978243E+00
+3.890000E+00,+2.014141E+00,+1.979449E+00
+3.892500E+00,+1.870302E+00,+1.978243E+00
+3.895000E+00,+1.957478E+00,+1.976986E+00
+3.897500E+00,+1.942865E+00,+1.978243E+00
+3.900000E+00,+1.942503E+00,+1.977489E+00
+3.902500E+00,+1.958463E+00,+1.976986E+00
+3.905000E+00,+1.976815E+00,+1.978243E+00
+3.907500E+00,+2.009237E+00,+1.978243E+00
+3.910000E+00,+2.001599E+00,+1.978243E+00
+3.912500E+00,+1.968634E+00,+1.978243E+00
+3.915000E+00,+1.958644E+00,+1.978243E+00
+3.917500E+00,+1.973498E+00,+1.977338E+00
+3.920000E+00,+1.978986E+00,+1.978092E+00
+3.922500E+00,+1.966905E+00,+1.976986E+00
+3.925000E+00,+1.987830E+00,+1.976986E+00
+3.927500E+00,+1.982121E+00,+1.977439E+00
+3.930000E+00,+1.958101E+00,+1.977589E+00
+3.932500E+00,+1.952513E+00,+1.976986E+00
+3.935000E+00,+1.964131E+00,+1.977187E+00
+3.937500E+00,+2.002202E+00,+1.978243E+00
+3.940000E+00,+1.991890E+00,+1.978243E+00
+3.942500E+00,+1.984594E+00,+1.978243E+00
+3.945000E+00,+1.971770E+00,+1.978243E+00
+3.947500E+00,+1.959106E+00,+1.978243E+00
+3.950000E+00,+1.932051E+00,+1.977238E+00
+3.952500E+00,+1.990342E+00,+1.978243E+00
+3.955000E+00,+1.992393E+00,+1.978243E+00
+3.957500E+00,+1.983568E+00,+1.978243E+00
+3.960000E+00,+1.975770E+00,+1.978243E+00
+3.962500E+00,+1.961398E+00,+1.978243E+00
+3.965000E+00,+1.982865E+00,+1.977941E+00
+3.967500E+00,+2.004232E+00,+1.978243E+00
+3.970000E+00,+1.973217E+00,+1.978243E+00
+3.972500E+00,+1.993599E+00,+1.978243E+00
+3.975000E+00,+1.944714E+00,+1.978243E+00
+3.977500E+00,+1.953257E+00,+1.978243E+00
+3.980000E+00,+1.954081E+00,+1.978243E+00
+3.982500E+00,+1.974744E+00,+1.978243E+00
+3.985000E+00,+1.992714E+00,+1.978192E+00
+3.987500E+00,+2.047428E+00,+1.977991E+00
+3.990000E+00,+1.951187E+00,+1.978243E+00
+3.992500E+00,+1.930684E+00,+1.978243E+00
+3.995000E+00,+1.948915E+00,+1.978243E+00
+3.997500E+00,+1.955207E+00,+1.977187E+00
+4.000000E+00,+1.958986E+00,+1.978243E+00
+4.002500E+00,+1.997719E+00,+1.978243E+00
+4.005000E+00,+1.999649E+00,+1.978243E+00
+4.007500E+00,+2.042021E+00,+1.978243E+00
+4.010000E+00,+1.994021E+00,+1.978243E+00
+4.012500E+00,+1.917177E+00,+1.978243E+00
+4.015000E+00,+1.976232E+00,+1.977037E+00
+4.017500E+00,+1.984292E+00,+1.978092E+00
+4.020000E+00,+1.968594E+00,+1.978243E+00
+4.022500E+00,+1.948172E+00,+1.977539E+00
+4.025000E+00,+1.964614E+00,+1.977489E+00
+4.027500E+00,+1.983006E+00,+1.977941E+00
+4.030000E+00,+1.977217E+00,+1.976986E+00
+4.032500E+00,+1.953498E+00,+1.976986E+00
+4.035000E+00,+1.966765E+00,+1.976986E+00
+4.037500E+00,+1.989840E+00,+1.977489E+00
+4.040000E+00,+1.960754E+00,+1.976986E+00
+4.042500E+00,+2.002825E+00,+1.977338E+00
+4.045000E+00,+1.982543E+00,+1.978243E+00
+4.047500E+00,+1.960071E+00,+1.976986E+00
+4.050000E+00,+1.962302E+00,+1.976986E+00
+4.052500E+00,+1.961538E+00,+1.976986E+00
+4.055000E+00,+1.973599E+00,+1.977640E+00
+4.057500E+00,+1.965357E+00,+1.976986E+00
+4.060000E+00,+1.992312E+00,+1.976986E+00
+4.062500E+00,+2.010242E+00,+1.976986E+00
+4.065000E+00,+1.982202E+00,+1.977187E+00
+4.067500E+00,+1.971830E+00,+1.976986E+00
+4.070000E+00,+1.957739E+00,+1.976986E+00
+4.072500E+00,+2.001337E+00,+1.976986E+00
+4.075000E+00,+1.949538E+00,+1.978243E+00
+4.077500E+00,+1.989257E+00,+1.978192E+00
+4.080000E+00,+1.934342E+00,+1.978092E+00
+4.082500E+00,+1.963247E+00,+1.976986E+00
+4.085000E+00,+1.972855E+00,+1.977690E+00
+4.087500E+00,+1.959187E+00,+1.976986E+00
+4.090000E+00,+1.983307E+00,+1.978243E+00
+4.092500E+00,+1.989016E+00,+1.978243E+00
+4.095000E+00,+1.955448E+00,+1.978243E+00
+4.097500E+00,+1.953076E+00,+1.977941E+00
+4.100000E+00,+1.942805E+00,+1.976986E+00
+4.102500E+00,+1.993056E+00,+1.976986E+00
+4.105000E+00,+2.006785E+00,+1.976986E+00
+4.107500E+00,+1.986222E+00,+1.976986E+00
+4.110000E+00,+1.994182E+00,+1.976986E+00
+4.112500E+00,+1.945116E+00,+1.976986E+00
+4.115000E+00,+1.987046E+00,+1.977790E+00
+4.117500E+00,+1.991126E+00,+1.978243E+00
+4.120000E+00,+1.977478E+00,+1.978243E+00
+4.122500E+00,+1.993378E+00,+1.977187E+00
+4.125000E+00,+1.955468E+00,+1.978243E+00
+4.127500E+00,+1.944654E+00,+1.978243E+00
+4.130000E+00,+1.964996E+00,+1.977388E+00
+4.132500E+00,+1.988373E+00,+1.978243E+00
+4.135000E+00,+1.970584E+00,+1.977439E+00
+4.137500E+00,+1.964915E+00,+1.978243E+00
+4.140000E+00,+1.964051E+00,+1.978192E+00
+4.142500E+00,+1.948312E+00,+1.976986E+00
+4.145000E+00,+1.961619E+00,+1.978243E+00
+4.147500E+00,+2.020071E+00,+1.976986E+00
+4.150000E+00,+2.032754E+00,+1.978243E+00
+4.152500E+00,+2.003086E+00,+1.978243E+00
+4.155000E+00,+1.872835E+00,+1.978142E+00
+4.157500E+00,+1.967327E+00,+1.978142E+00
+4.160000E+00,+1.970764E+00,+1.977941E+00
+4.162500E+00,+1.945820E+00,+1.977489E+00
+4.165000E+00,+1.951689E+00,+1.977539E+00
+4.167500E+00,+1.987187E+00,+1.977891E+00
+4.170000E+00,+1.972674E+00,+1.977137E+00
+4.172500E+00,+1.952875E+00,+1.977037E+00
+4.175000E+00,+1.939689E+00,+1.976986E+00
+4.177500E+00,+1.969639E+00,+1.976986E+00
+4.180000E+00,+2.003428E+00,+1.977589E+00
+4.182500E+00,+1.985317E+00,+1.976986E+00
+4.185000E+00,+1.954584E+00,+1.976986E+00
+4.187500E+00,+1.985619E+00,+1.976986E+00
+4.190000E+00,+1.974021E+00,+1.976986E+00
+4.192500E+00,+1.962121E+00,+1.976986E+00
+4.195000E+00,+1.959810E+00,+1.977589E+00
+4.197500E+00,+1.967528E+00,+1.976986E+00
+4.200000E+00,+1.966724E+00,+1.976735E+00
+4.202500E+00,+1.950845E+00,+1.976986E+00
+4.205000E+00,+1.968815E+00,+1.976986E+00
+4.207500E+00,+1.981076E+00,+1.976986E+00
+4.210000E+00,+1.932171E+00,+1.976986E+00
+4.212500E+00,+1.973860E+00,+1.976986E+00
+4.215000E+00,+1.971468E+00,+1.976986E+00
+4.217500E+00,+2.002604E+00,+1.976986E+00
+4.220000E+00,+1.975950E+00,+1.976986E+00
+4.222500E+00,+1.980493E+00,+1.976986E+00
+4.225000E+00,+1.982403E+00,+1.976986E+00
+4.227500E+00,+1.954624E+00,+1.976986E+00
+4.230000E+00,+1.957498E+00,+1.976986E+00
+4.232500E+00,+1.962764E+00,+1.976986E+00
+4.235000E+00,+1.942503E+00,+1.976986E+00
+4.237500E+00,+1.944614E+00,+1.976986E+00
+4.240000E+00,+1.975307E+00,+1.976986E+00
+4.242500E+00,+2.006041E+00,+1.976986E+00
+4.245000E+00,+1.951347E+00,+1.976986E+00
+4.247500E+00,+1.936131E+00,+1.976986E+00
+4.250000E+00,+1.965016E+00,+1.975730E+00
+4.252500E+00,+2.018925E+00,+1.975931E+00
+4.255000E+00,+1.989840E+00,+1.976132E+00
+4.257500E+00,+1.973719E+00,+1.976986E+00
+4.260000E+00,+1.976976E+00,+1.976986E+00
+4.262500E+00,+1.965820E+00,+1.976986E+00
+4.265000E+00,+1.952634E+00,+1.976936E+00
+4.267500E+00,+1.985719E+00,+1.975730E+00
+4.270000E+00,+1.977860E+00,+1.976986E+00
+4.272500E+00,+1.959408E+00,+1.976283E+00
+4.275000E+00,+2.015368E+00,+1.976484E+00
+4.277500E+00,+2.100955E+00,+1.976986E+00
+4.280000E+00,+2.023769E+00,+1.978243E+00
+4.282500E+00,+1.857800E+00,+1.976986E+00
+4.285000E+00,+1.877780E+00,+1.976986E+00
+4.287500E+00,+1.951448E+00,+1.976986E+00
+4.290000E+00,+1.957739E+00,+1.975730E+00
+4.292500E+00,+2.000272E+00,+1.975730E+00
+4.295000E+00,+1.957920E+00,+1.976986E+00
+4.297500E+00,+2.048493E+00,+1.976986E+00
+4.300000E+00,+1.942604E+00,+1.976986E+00
+4.302500E+00,+1.968674E+00,+1.976986E+00
+4.305000E+00,+1.985458E+00,+1.976986E+00
+4.307500E+00,+1.986945E+00,+1.976986E+00
+4.310000E+00,+1.970624E+00,+1.976986E+00
+4.312500E+00,+1.975569E+00,+1.976986E+00
+4.315000E+00,+1.947950E+00,+1.976986E+00
+4.317500E+00,+1.952252E+00,+1.975730E+00
+4.320000E+00,+1.989920E+00,+1.976383E+00
+4.322500E+00,+2.000513E+00,+1.976534E+00
+4.325000E+00,+1.976976E+00,+1.976986E+00
+4.327500E+00,+1.976614E+00,+1.975780E+00
+4.330000E+00,+1.951046E+00,+1.976986E+00
+4.332500E+00,+1.956393E+00,+1.976635E+00
+4.335000E+00,+1.956795E+00,+1.975730E+00
+4.337500E+00,+1.955870E+00,+1.976233E+00
+4.340000E+00,+2.012071E+00,+1.975730E+00
+4.342500E+00,+1.972232E+00,+1.975730E+00
+4.345000E+00,+1.971086E+00,+1.975831E+00
+4.347500E+00,+1.971488E+00,+1.976685E+00
+4.350000E+00,+1.960694E+00,+1.975730E+00
+4.352500E+00,+1.975408E+00,+1.975730E+00
+4.355000E+00,+1.990041E+00,+1.975730E+00
+4.357500E+00,+1.981177E+00,+1.975730E+00
+4.360000E+00,+1.945840E+00,+1.975730E+00
+4.362500E+00,+1.960895E+00,+1.975730E+00
+4.365000E+00,+1.976795E+00,+1.976986E+00
+4.367500E+00,+1.948352E+00,+1.976383E+00
+4.370000E+00,+1.971448E+00,+1.975730E+00
+4.372500E+00,+1.971046E+00,+1.975931E+00
+4.375000E+00,+1.959488E+00,+1.976986E+00
+4.377500E+00,+1.993940E+00,+1.976986E+00
+4.380000E+00,+1.999126E+00,+1.976986E+00
+4.382500E+00,+1.959187E+00,+1.976986E+00
+4.385000E+00,+1.922845E+00,+1.975730E+00
+4.387500E+00,+1.997076E+00,+1.976986E+00
+4.390000E+00,+1.986423E+00,+1.976986E+00
+4.392500E+00,+1.970403E+00,+1.976986E+00
+4.395000E+00,+1.962161E+00,+1.976986E+00
+4.397500E+00,+1.949579E+00,+1.976986E+00
+4.400000E+00,+1.959086E+00,+1.975730E+00
+4.402500E+00,+1.960453E+00,+1.976032E+00
+4.405000E+00,+1.948594E+00,+1.976986E+00
+4.407500E+00,+1.977518E+00,+1.976986E+00
+4.410000E+00,+1.961116E+00,+1.975730E+00
+4.412500E+00,+1.926222E+00,+1.975730E+00
+4.415000E+00,+1.964131E+00,+1.975730E+00
+4.417500E+00,+1.946383E+00,+1.975730E+00
+4.420000E+00,+2.015508E+00,+1.975730E+00
+4.422500E+00,+1.992473E+00,+1.976986E+00
+4.425000E+00,+1.927428E+00,+1.975730E+00
+4.427500E+00,+1.932272E+00,+1.975730E+00
+4.430000E+00,+1.958001E+00,+1.975730E+00
+4.432500E+00,+1.985579E+00,+1.975730E+00
+4.435000E+00,+1.980895E+00,+1.975730E+00
+4.437500E+00,+1.983609E+00,+1.975730E+00
+4.440000E+00,+1.965820E+00,+1.975730E+00
+4.442500E+00,+2.000151E+00,+1.975730E+00
+4.445000E+00,+1.933679E+00,+1.975730E+00
+4.447500E+00,+1.952413E+00,+1.975730E+00
+4.450000E+00,+1.945619E+00,+1.975730E+00
+4.452500E+00,+1.965639E+00,+1.975730E+00
+4.455000E+00,+1.999950E+00,+1.975730E+00
+4.457500E+00,+1.971930E+00,+1.975730E+00
+4.460000E+00,+2.002061E+00,+1.975730E+00
+4.462500E+00,+1.959287E+00,+1.975730E+00
+4.465000E+00,+1.943870E+00,+1.975730E+00
+4.467500E+00,+1.955528E+00,+1.974574E+00
